item_id,order_id,product_id,quantity,unit_price,discount_percent
1,1,266,4,6151.22,10
2,2,51,2,1478.51,50
3,2,451,2,404.16,30
4,2,63,5,4471.92,5
5,2,46,3,227.33,15
6,3,80,3,4104.81,0
7,3,74,2,4605.89,20
8,4,344,3,2679.67,15
9,4,32,4,3060.25,10
10,4,27,2,2397.89,0
11,4,353,1,6483.47,30
12,5,391,4,357.54,0
13,5,516,1,7673.14,5
14,6,53,5,6796.0,30
15,6,325,5,4243.14,25
16,6,337,3,4644.43,5
17,6,467,2,7822.05,5
18,7,371,1,3615.56,20
19,7,496,1,4094.58,15
20,7,129,5,6311.8,5
21,8,267,4,5360.63,50
22,8,432,3,1031.92,20
23,9,185,5,7063.39,5
24,9,482,-4,1054.23,10
25,10,171,2,6687.48,0
26,11,433,2,4281.55,20
27,12,122,2,4499.83,10
28,12,111,3,7197.0,50
29,12,419,1,7373.72,25
30,13,188,4,3869.14,0
31,13,156,5,7499.31,0
32,13,389,1,3022.0,25
33,13,287,3,4118.47,50
34,14,437,2,2794.83,50
35,15,43,3,6082.67,0
36,15,322,2,2298.22,50
37,15,281,1,1408.18,10
38,16,109,4,1437.63,10
39,16,173,2,1213.92,5
40,16,200,1,413.99,30
41,16,209,1,6596.95,15
42,17,465,5,3614.11,0
43,17,456,3,5758.38,0
44,17,286,4,786.22,0
45,18,77,3,5979.79,5
46,19,76,2,2281.25,30
47,19,326,3,403.02,0
48,19,9,2,5322.93,0
49,20,201,2,6989.71,5
50,20,509,3,3927.61,0
51,21,220,2,7019.33,30
52,21,214,1,3976.46,50
53,21,390,2,5535.06,50
54,22,308,3,5289.83,0
55,22,402,2,5377.01,25
56,23,295,5,862.61,0
57,23,119,4,2670.64,20
58,23,356,2,2619.36,0
59,24,422,2,3921.54,25
60,24,419,-2,2216.6,5
61,24,422,1,2653.22,15
62,24,56,4,3459.07,10
63,25,316,4,2784.75,0
64,25,212,4,4622.8,0
65,25,133,1,4945.1,15
66,26,362,1,813.0,15
67,27,161,1,2960.57,5
68,28,340,2,1375.09,15
69,28,37,4,5893.34,0
70,28,408,1,4259.79,30
71,28,236,4,2336.41,0
72,29,411,1,1076.78,20
73,29,79,2,7025.31,0
74,30,21,5,6122.85,20
75,31,401,5,1299.6,50
76,32,24,5,6299.7,20
77,32,483,3,1701.07,10
78,33,286,3,1855.8,20
79,33,251,4,5652.75,30
80,33,382,-4,4026.58,20
81,33,26,5,3672.94,50
82,34,319,2,3866.77,0
83,34,98,3,5076.32,0
84,34,256,5,6932.14,25
85,34,239,1,4970.26,25
86,35,155,4,2560.49,15
87,36,275,3,4829.97,0
88,37,242,5,4410.15,15
89,37,84,3,3915.67,30
90,38,166,4,3067.92,0
91,39,40,2,6971.02,0
92,40,144,4,6444.91,25
93,40,446,5,173.14,0
94,40,331,3,7053.79,10
95,40,145,5,4554.1,0
96,41,258,5,6442.23,15
97,41,169,4,7496.0,0
98,41,427,5,3843.58,15
99,42,320,2,7947.15,0
100,42,339,2,841.4,25
101,43,359,1,4796.19,0
102,44,292,3,7430.25,10
103,44,413,4,2515.43,50
104,45,157,5,5309.0,0
105,45,105,1,2311.89,10
106,45,339,2,4739.8,20
107,46,3,5,3839.91,0
108,46,151,2,821.57,50
109,46,80,2,7009.45,15
110,47,335,2,3573.54,25
111,48,387,5,2002.11,20
112,48,325,4,2904.43,30
113,48,171,5,4882.51,5
114,49,257,2,4527.84,25
115,49,183,1,3539.77,15
116,49,435,1,6857.44,15
117,50,392,5,7983.41,5
118,50,201,3,6006.27,0
119,51,337,3,144.35,10
120,51,14,1,7334.88,30
121,51,408,5,5213.02,25
122,51,59,1,5663.69,10
123,52,178,4,5094.7,25
124,53,157,5,401.73,0
125,53,123,2,1140.02,20
126,53,100,1,5713.67,15
127,53,18,5,6835.35,50
128,54,376,3,1436.79,50
129,54,63,-5,5349.51,20
130,54,274,1,6114.22,0
131,55,518,2,2276.65,5
132,56,319,2,6752.78,0
133,56,89,3,1029.95,25
134,56,187,5,796.48,0
135,56,174,1,4770.07,0
136,57,316,2,3736.76,5
137,58,183,2,3096.55,10
138,58,193,3,2592.77,5
139,59,271,2,2429.97,25
140,59,461,1,4671.7,15
141,59,160,2,6694.32,20
142,60,213,4,6506.18,10
143,60,93,3,4079.75,10
144,61,191,3,2160.68,0
145,61,387,4,4735.88,15
146,62,163,3,5072.83,0
147,63,192,4,5218.26,0
148,63,23,3,3788.05,0
149,63,446,4,3705.92,50
150,63,346,4,2024.35,15
151,64,520,4,7769.05,5
152,64,411,1,6215.17,50
153,64,204,-5,4146.41,10
154,64,56,5,1126.14,15
155,65,470,3,1217.54,15
156,66,177,2,5303.01,5
157,66,448,3,1558.29,5
158,66,384,1,1317.69,30
159,66,404,1,2823.22,25
160,67,99,4,6667.64,5
161,67,410,4,6128.05,0
162,68,404,3,5869.94,20
163,68,28,5,3957.64,50
164,68,378,2,1507.46,5
165,69,408,3,112.57,50
166,69,46,1,1190.83,5
167,69,185,2,833.52,20
168,70,36,2,3155.84,25
169,70,408,3,3431.72,0
170,70,355,5,3772.89,0
171,70,165,1,3295.34,0
172,71,12,2,3133.52,25
173,71,56,4,5394.54,20
174,71,462,3,5962.31,0
175,72,115,4,6768.93,15
176,72,82,2,4300.52,20
177,72,265,-2,7590.79,50
178,73,446,5,5848.27,25
179,73,472,1,414.77,25
180,74,436,1,5522.46,10
181,74,274,3,6157.99,0
182,74,333,2,3394.78,25
183,75,406,1,2922.23,0
184,75,149,2,4326.38,0
185,75,250,4,2270.1,25
186,76,104,1,3045.08,0
187,76,310,4,5830.65,15
188,76,82,4,1553.05,10
189,76,268,4,6369.79,50
190,77,51,5,6848.52,5
191,77,282,3,1800.15,20
192,77,409,2,5404.37,50
193,78,425,3,3316.74,0
194,78,100,2,3753.29,15
195,79,295,-2,2664.41,0
196,79,337,5,4744.52,50
197,80,328,4,199.28,15
198,80,216,3,1299.05,25
199,80,413,5,5416.59,10
200,80,499,1,4613.38,0
201,81,312,1,7880.46,15
202,81,31,3,3666.84,25
203,81,442,2,1417.2,15
204,82,241,1,2342.71,25
205,82,127,4,1140.41,50
206,82,297,1,1769.31,0
207,82,419,2,6158.31,20
208,83,372,2,4834.06,15
209,83,515,1,5526.07,15
210,83,507,5,1878.28,20
211,84,410,3,3650.7,0
212,84,177,-3,6655.94,25
213,84,421,1,5259.52,20
214,84,516,2,4989.12,0
215,85,333,5,3329.32,0
216,86,380,2,3828.12,0
217,86,198,1,7079.75,20
218,87,484,4,7009.74,0
219,87,212,2,2414.56,0
220,88,182,4,4865.67,5
221,88,340,4,978.14,50
222,88,8,2,5804.17,0
223,88,482,1,3310.14,30
224,89,124,1,7664.84,30
225,89,450,5,4319.95,0
226,89,41,4,572.31,20
227,89,439,3,7426.38,25
228,90,115,1,2173.74,50
229,91,495,3,2784.69,5
230,91,470,2,2707.2,0
231,92,339,2,2805.3,25
232,92,37,4,4589.03,50
233,92,380,2,2378.6,5
234,92,313,5,2400.62,0
235,93,151,4,1320.09,0
236,93,29,5,3135.39,5
237,93,266,2,1272.07,0
238,93,416,3,5989.11,30
239,94,514,5,7781.99,0
240,94,174,3,3086.03,25
241,94,15,5,3923.59,20
242,94,154,1,2543.54,5
243,95,366,5,6335.27,5
244,95,234,4,7310.35,0
245,95,338,2,359.44,0
246,96,82,3,4324.56,30
247,97,188,4,2058.98,10
248,98,273,2,3702.92,0
249,98,136,5,5970.57,0
250,99,489,1,2027.13,50
251,99,327,4,7064.96,0
252,99,488,1,1019.61,0
253,100,308,1,1798.45,25
254,100,454,-5,3495.07,0
255,101,1,5,4953.86,25
256,101,181,3,4850.7,25
257,102,271,5,2341.67,10
258,102,516,5,2274.78,30
259,102,500,3,980.61,0
260,103,168,3,4125.43,25
261,104,454,1,5416.51,0
262,104,199,3,4354.86,0
263,105,484,2,4064.06,15
264,106,332,3,1761.31,0
265,107,161,2,6307.91,0
266,107,427,3,7851.12,50
267,108,380,2,3828.66,10
268,108,461,2,5841.01,15
269,108,6,3,3208.98,20
270,109,468,1,2893.53,0
271,109,263,-3,5664.28,5
272,109,392,3,287.06,20
273,109,516,3,5938.23,5
274,110,492,3,2020.79,15
275,110,400,5,7771.95,0
276,110,385,4,7896.74,50
277,110,379,1,5153.07,10
278,111,333,3,1160.85,0
279,111,307,4,7004.21,50
280,111,336,5,795.24,5
281,111,299,5,5319.46,30
282,112,370,2,637.23,15
283,113,371,2,3799.78,25
284,113,262,3,7774.37,10
285,113,421,5,282.79,0
286,113,62,4,3942.22,0
287,114,335,1,7965.67,30
288,114,78,5,4641.04,0
289,114,163,5,4510.5,0
290,115,75,5,4919.25,5
291,116,339,3,7125.91,0
292,116,443,1,4644.27,25
293,116,400,1,2421.13,50
294,116,266,-1,2646.84,0
295,117,206,5,2680.29,25
296,117,157,5,7156.62,50
297,118,41,2,1534.54,0
298,118,323,2,7641.82,15
299,119,239,2,1389.98,10
300,119,127,2,315.64,25
301,120,390,1,5977.14,5
302,120,390,1,3253.51,5
303,120,519,5,833.53,0
304,120,124,5,1061.46,5
305,121,196,5,7963.32,20
306,121,490,2,6418.35,15
307,121,8,3,7564.69,0
308,121,364,4,3262.44,0
309,122,235,3,3529.78,10
310,122,17,1,6500.34,25
311,122,145,3,7188.92,0
312,123,144,2,1110.79,0
313,123,301,4,583.33,5
314,124,179,5,1344.11,0
315,124,374,5,5961.54,0
316,124,314,1,336.84,5
317,125,30,3,2194.93,15
318,125,148,1,7121.68,0
319,125,174,4,3078.59,50
320,125,95,2,2854.46,5
321,126,451,1,3857.95,20
322,126,319,2,6494.46,0
323,126,331,4,7232.78,0
324,126,490,5,4947.52,0
325,127,147,5,1832.56,0
326,127,290,2,5971.16,20
327,127,309,5,1887.16,0
328,127,274,3,3750.98,50
329,128,36,3,5323.49,50
330,128,15,4,6374.14,0
331,129,331,1,1978.85,20
332,129,193,1,3922.37,15
333,130,451,4,3680.23,10
334,130,346,1,5278.14,30
335,130,500,3,1571.92,15
336,130,270,5,862.38,15
337,131,130,3,300.77,30
338,132,303,2,6657.62,0
339,133,517,3,3545.7,0
340,133,200,2,7535.87,30
341,134,156,2,1669.55,15
342,134,372,5,4247.86,30
343,135,232,5,1354.12,0
344,135,208,2,7645.53,20
345,136,400,1,7596.3,10
346,136,330,5,7160.58,25
347,136,258,2,2469.95,0
348,137,61,2,4943.63,0
349,137,249,4,3899.36,0
350,137,199,4,5204.07,20
351,138,144,3,7710.52,10
352,138,211,4,5943.27,0
353,139,121,2,6108.62,0
354,139,483,5,910.64,50
355,139,466,2,2460.7,0
356,139,279,2,7834.04,15
357,140,437,4,2118.07,25
358,141,91,4,1874.6,0
359,141,507,5,6934.17,5
360,142,283,4,931.0,10
361,142,366,3,2697.75,10
362,142,249,-1,5733.46,25
363,142,107,5,4769.57,10
364,143,392,5,4568.4,50
365,143,98,1,4763.71,0
366,143,432,1,1985.05,50
367,143,472,4,414.93,25
368,144,27,4,5062.13,20
369,145,102,5,5081.12,15
370,145,260,3,6434.97,25
371,146,457,3,7728.15,10
372,146,165,1,5622.92,10
373,146,411,2,6921.51,15
374,147,361,2,6867.51,15
375,147,325,5,6460.73,5
376,147,321,3,5803.33,20
377,148,360,2,1696.98,25
378,148,173,3,7176.66,0
379,148,519,-3,1599.34,10
380,148,408,5,4523.38,0
381,149,270,2,5722.16,20
382,150,107,3,3234.38,20
383,150,231,3,7768.89,15
384,151,27,1,1324.59,10
385,151,252,4,5591.12,5
386,151,13,2,6511.05,0
387,151,495,3,264.11,50
388,152,423,4,7987.14,5
389,152,397,2,4689.08,50
390,152,442,3,7857.14,10
391,152,328,3,7411.5,5
392,153,132,1,1162.49,5
393,153,488,1,6295.33,30
394,153,234,5,6477.3,50
395,154,55,5,1869.31,10
396,154,67,4,4027.35,20
397,154,356,-2,3642.9,0
398,155,259,2,2899.86,10
399,155,406,1,3977.4,0
400,155,339,2,2547.62,10
401,155,148,2,7020.15,20
402,156,123,1,518.47,15
403,156,200,1,4285.2,0
404,156,186,2,6212.5,0
405,157,414,4,2721.14,0
406,158,188,4,3847.82,15
407,158,259,1,1501.55,20
408,158,233,4,2157.99,5
409,158,463,3,5100.76,15
410,159,61,5,7046.48,0
411,160,13,1,7712.44,30
412,160,384,1,2519.48,50
413,160,511,1,1589.01,50
414,161,384,5,2827.46,0
415,161,520,5,3581.51,0
416,162,124,4,406.32,30
417,162,172,3,951.42,0
418,163,346,4,1326.5,50
419,164,68,5,6294.09,0
420,164,193,3,1216.91,25
421,164,102,4,563.13,25
422,164,404,5,5272.95,30
423,165,300,3,3638.45,5
424,165,25,4,3078.83,25
425,166,314,1,3924.43,20
426,166,43,4,6188.85,0
427,166,178,2,2526.25,50
428,166,311,3,4320.91,0
429,167,183,2,4348.33,20
430,167,102,5,5623.55,5
431,167,75,4,7149.61,15
432,167,16,2,4612.05,50
433,168,5,4,5546.18,10
434,169,381,3,7897.98,5
435,169,265,4,1219.19,5
436,170,210,5,7226.49,10
437,170,387,3,180.8,20
438,170,260,3,1597.02,25
439,170,460,-5,5570.93,0
440,171,501,2,1003.6,0
441,171,408,1,2686.29,10
442,172,112,5,6858.51,10
443,172,89,1,7096.24,5
444,172,37,5,1686.23,30
445,173,189,4,1906.3,20
446,173,447,1,6470.63,5
447,173,43,5,5932.94,25
448,173,326,5,1592.86,5
449,174,180,-5,1306.41,10
450,175,390,4,5188.67,20
451,175,189,2,4094.2,5
452,175,452,2,5797.33,0
453,176,147,2,2373.67,0
454,177,18,1,614.54,30
455,177,380,5,5820.23,15
456,177,7,1,919.96,5
457,178,123,1,6528.28,50
458,178,76,2,378.04,30
459,178,396,1,7295.41,50
460,178,503,3,3155.46,5
461,179,157,3,5129.91,25
462,179,294,4,2945.07,0
463,179,165,2,3168.77,10
464,180,471,1,2468.88,0
465,180,412,4,4377.84,5
466,180,432,2,2888.24,20
467,181,475,4,3606.75,20
468,181,211,3,5356.45,0
469,181,373,2,1608.62,5
470,181,384,4,6135.41,20
471,182,464,2,3814.84,30
472,182,423,3,7650.29,50
473,182,394,1,2767.7,0
474,183,396,2,288.3,5
475,183,160,5,2259.23,50
476,183,422,4,6426.61,0
477,183,499,3,6957.44,0
478,184,100,5,4937.37,0
479,184,340,1,168.48,0
480,184,155,1,7224.25,5
481,185,458,3,2967.23,15
482,185,104,4,1484.22,10
483,186,420,2,1035.68,50
484,186,256,2,5066.59,10
485,187,139,2,866.84,0
486,188,372,4,1446.62,0
487,188,504,4,1536.49,0
488,188,379,5,2784.24,0
489,188,154,1,5029.85,20
490,189,364,2,2633.52,0
491,190,374,1,4763.55,0
492,190,25,3,2313.94,30
493,190,314,4,1418.37,5
494,190,280,3,3520.3,0
495,191,11,1,347.85,50
496,191,390,-5,3107.3,25
497,191,344,4,5408.04,20
498,191,417,3,6843.65,20
499,192,198,2,5781.03,30
500,192,87,4,758.12,25
501,192,132,3,7176.97,0
502,193,243,2,3049.77,0
503,194,73,-1,206.23,15
504,195,339,5,6983.66,25
505,195,205,1,543.71,0
506,196,444,2,7616.0,0
507,197,198,2,727.35,15
508,197,191,4,5695.08,25
509,198,454,3,4775.32,0
510,198,270,2,728.51,5
511,198,127,2,4645.93,5
512,198,167,1,6804.07,5
513,199,224,5,3357.03,10
514,199,8,4,2823.6,5
515,199,65,3,1373.99,0
516,199,441,4,5890.02,50
517,200,327,-4,5979.72,0
518,201,327,5,620.44,10
519,201,512,4,6506.63,15
520,201,234,3,2576.45,5
521,202,333,1,3336.89,25
522,202,157,4,7202.81,25
523,203,325,4,293.39,0
524,203,375,4,5094.32,20
525,204,155,4,5328.0,0
526,205,278,2,3191.2,0
527,205,311,3,4028.85,0
528,206,444,2,4893.92,25
529,206,362,4,1362.58,0
530,206,297,1,2653.93,25
531,207,427,2,4004.43,5
532,207,347,-4,2533.26,0
533,208,289,5,1062.59,0
534,208,379,3,6476.28,0
535,208,379,5,598.69,25
536,209,321,2,2676.98,5
537,209,340,4,4484.47,50
538,209,235,2,7727.24,50
539,209,501,5,6525.24,5
540,210,152,1,7057.75,20
541,210,273,5,4280.96,25
542,210,147,1,6241.72,10
543,210,229,3,566.27,5
544,211,150,3,5003.15,30
545,212,205,3,2581.93,30
546,212,303,2,4820.94,0
547,212,290,1,1640.05,30
548,213,306,4,6566.83,0
549,213,432,3,2439.22,0
550,214,458,3,7287.47,0
551,215,111,5,3608.7,15
552,215,465,3,1662.47,50
553,215,127,3,1115.43,0
554,215,146,1,4465.34,15
555,216,406,4,5068.23,15
556,216,290,2,6704.98,0
557,216,58,3,4591.38,30
558,217,105,4,636.37,0
559,217,369,5,5739.44,0
560,218,505,3,2814.23,0
561,218,159,4,4244.97,20
562,218,163,5,6533.48,25
563,219,25,3,546.46,30
564,220,157,2,433.19,5
565,221,20,5,3161.45,20
566,221,70,5,3988.6,20
567,222,504,2,1749.81,50
568,223,169,3,4694.51,15
569,224,289,2,158.06,50
570,224,207,3,4135.95,0
571,224,403,5,1646.6,10
572,224,416,1,3668.03,25
573,225,211,2,3160.87,0
574,225,220,2,5912.05,10
575,226,259,3,5217.86,5
576,226,186,2,2548.22,5
577,226,336,3,7579.68,20
578,227,492,4,1405.53,25
579,227,80,5,6380.53,5
580,227,52,5,102.14,0
581,227,456,1,7448.26,10
582,228,221,5,868.14,15
583,228,78,2,5960.59,15
584,228,123,3,276.92,0
585,228,124,3,3709.73,5
586,229,467,4,989.44,5
587,230,157,-3,4549.52,0
588,230,39,2,5456.35,0
589,230,14,4,3779.04,0
590,231,491,1,7023.37,10
591,232,241,-3,2248.5,5
592,232,446,4,7967.12,0
593,233,373,2,5965.96,10
594,233,168,1,3704.43,25
595,233,150,3,3033.05,30
596,233,412,3,2839.62,0
597,234,507,4,6161.77,0
598,234,260,5,7694.95,0
599,234,462,2,2933.48,25
600,235,350,1,7354.56,0
601,235,143,5,5983.87,50
602,236,514,4,3409.91,0
603,236,261,5,920.14,0
604,237,120,2,6323.02,25
605,237,405,3,6395.61,30
606,238,232,2,6023.63,0
607,238,1,4,5582.15,5
608,238,314,5,4012.1,0
609,238,99,2,2492.58,5
610,239,191,-1,2436.69,5
611,239,433,1,3675.53,0
612,240,398,-4,4820.73,15
613,240,490,3,3485.34,50
614,240,512,5,5465.03,0
615,241,101,3,5634.99,20
616,241,503,4,4999.83,15
617,241,487,1,7705.87,0
618,242,466,5,2038.58,0
619,242,36,4,2006.89,25
620,242,222,3,6239.59,25
621,243,519,-1,1114.23,0
622,243,398,4,1531.74,10
623,243,121,5,484.85,50
624,243,167,5,7227.87,10
625,244,79,3,3471.18,0
626,245,386,4,144.97,0
627,245,506,1,1865.04,50
628,246,104,4,7589.53,0
629,246,25,2,5948.82,50
630,247,378,4,5621.48,0
631,247,447,5,3841.9,10
632,247,270,5,628.81,0
633,247,141,3,4106.2,5
634,248,457,1,4606.32,5
635,249,424,5,627.87,0
636,249,308,1,1934.76,0
637,249,62,2,3186.61,15
638,250,10,1,2200.51,30
639,251,219,2,2025.04,25
640,251,102,2,3878.38,5
641,251,73,2,5103.83,30
642,252,490,2,1248.68,0
643,252,253,5,673.46,0
644,253,62,3,6641.01,20
645,253,29,4,2631.85,20
646,253,461,2,7453.16,20
647,253,491,5,1875.3,0
648,254,77,2,4217.94,25
649,254,87,4,3396.8,30
650,254,403,2,415.59,10
651,254,311,3,6473.81,15
652,255,396,3,3812.3,25
653,255,141,5,7395.29,50
654,255,65,4,5562.25,15
655,256,234,3,7010.54,50
656,256,196,3,2660.9,5
657,256,422,3,1615.59,15
658,257,143,3,5390.51,5
659,257,329,3,5519.24,30
660,257,121,2,4695.82,0
661,258,188,2,6340.57,15
662,258,471,4,3193.88,10
663,258,259,5,2112.33,0
664,259,69,4,7872.55,0
665,260,284,3,3692.61,30
666,260,438,5,1673.6,0
667,261,123,5,3553.66,15
668,261,43,2,2954.55,0
669,261,131,1,4433.08,10
670,261,41,1,5525.12,5
671,262,292,1,7817.01,10
672,263,274,2,4984.66,50
673,263,325,5,1967.26,0
674,263,209,2,7734.56,20
675,263,277,5,7640.34,0
676,264,248,1,6778.52,5
677,264,287,4,7145.89,5
678,264,396,-1,5402.18,20
679,264,419,4,892.9,0
680,265,390,4,7116.14,50
681,265,448,1,2246.61,25
682,265,398,5,263.65,30
683,265,387,4,3046.39,0
684,266,281,4,2582.27,20
685,266,481,2,7197.78,20
686,267,23,5,5610.89,25
687,268,447,5,3109.67,25
688,268,357,4,806.74,10
689,268,491,2,7301.63,10
690,268,201,2,6843.81,30
691,269,163,4,6109.61,0
692,270,262,5,495.51,0
693,271,191,2,6882.15,10
694,271,238,2,1416.37,0
695,271,296,1,4623.61,0
696,271,242,5,3443.79,0
697,272,276,2,708.67,0
698,273,184,5,3754.04,15
699,273,334,2,1575.77,0
700,274,59,3,263.67,30
701,274,136,4,481.92,0
702,275,474,5,4633.53,10
703,275,166,2,5710.65,5
704,276,472,1,1173.64,10
705,277,478,4,5837.26,30
706,277,258,5,4883.59,20
707,277,130,5,1418.47,25
708,277,306,1,4838.41,15
709,278,383,5,3122.32,10
710,279,446,3,6027.46,5
711,280,310,4,6345.14,0
712,280,450,4,229.39,5
713,281,210,4,5731.83,15
714,281,150,4,7680.99,5
715,281,396,1,519.64,25
716,282,489,1,2902.72,30
717,282,70,1,6962.17,25
718,282,170,3,2551.7,30
719,282,277,1,1252.92,30
720,283,25,1,5082.33,15
721,284,335,4,4942.12,15
722,284,127,3,6429.67,50
723,284,38,4,3523.92,30
724,284,158,5,4574.17,0
725,285,148,3,3574.91,10
726,285,394,2,1651.04,50
727,285,13,3,430.94,10
728,285,156,2,4597.43,20
729,286,1,5,7924.37,5
730,286,68,1,395.94,25
731,286,117,2,7851.46,25
732,286,382,1,6512.35,15
733,287,335,3,4428.61,15
734,287,286,5,5487.46,50
735,287,445,5,2037.84,0
736,287,511,4,7525.53,10
737,288,110,1,2472.71,10
738,288,255,2,6771.46,5
739,288,518,4,7415.81,30
740,288,340,3,3258.82,50
741,289,322,1,5022.16,0
742,289,425,1,6538.98,0
743,289,122,4,2736.91,15
744,290,220,2,7982.61,20
745,290,169,4,1957.38,5
746,290,85,3,2684.43,20
747,291,439,1,5925.7,0
748,292,53,1,6369.36,0
749,292,376,1,358.21,10
750,292,318,3,791.41,0
751,292,41,3,7970.89,0
752,293,111,2,7186.74,25
753,294,292,5,6711.11,0
754,294,162,2,4888.73,10
755,294,33,5,4891.22,10
756,295,368,3,5589.78,25
757,295,429,5,5262.57,20
758,295,216,2,6792.27,15
759,295,82,2,5655.55,0
760,296,130,5,1266.67,25
761,297,245,1,2728.55,15
762,297,310,4,1068.69,30
763,298,197,4,2977.25,20
764,298,399,3,347.9,10
765,299,461,4,7735.76,15
766,299,323,2,5987.72,20
767,300,426,1,1397.02,10
768,300,44,1,7908.11,0
769,301,208,2,4013.33,10
770,301,352,2,6189.79,15
771,302,207,-3,3914.11,30
772,302,281,2,5474.81,30
773,302,202,5,4277.01,50
774,303,298,1,5780.95,30
775,303,341,5,3705.85,10
776,303,486,1,5053.64,0
777,303,237,4,7321.43,50
778,304,235,5,2191.13,0
779,304,235,5,2196.39,30
780,304,407,1,6589.91,5
781,305,427,4,701.24,10
782,306,53,5,5888.73,10
783,307,119,5,5324.18,10
784,307,182,2,3173.31,15
785,307,82,5,212.27,20
786,307,102,3,7577.97,0
787,308,426,3,2409.3,10
788,308,371,2,1712.34,0
789,309,71,3,4384.32,30
790,310,246,2,6838.94,0
791,311,346,3,995.63,25
792,312,126,5,6258.35,25
793,313,362,5,757.82,0
794,313,19,2,1595.47,10
795,313,65,5,6367.15,0
796,313,199,2,1366.68,30
797,314,107,-3,6842.7,20
798,314,195,5,3279.43,0
799,314,233,5,6210.36,0
800,314,378,4,3717.04,15
801,315,364,1,1585.84,50
802,315,426,1,7477.97,15
803,316,120,3,773.28,0
804,317,123,4,7969.47,15
805,317,252,5,6310.56,15
806,318,57,5,2418.27,0
807,318,389,3,7987.38,10
808,318,373,2,6812.92,0
809,319,27,4,2468.58,0
810,320,103,3,835.3,0
811,320,326,3,7799.65,15
812,320,238,1,1777.25,0
813,321,82,3,6109.01,30
814,322,42,5,893.44,20
815,322,276,3,3419.35,15
816,322,5,1,845.09,50
817,323,110,4,6495.05,20
818,324,84,2,4533.4,5
819,324,107,3,5223.04,50
820,324,174,1,5857.11,0
821,325,193,-4,4231.5,10
822,325,398,4,569.04,5
823,326,422,5,1176.06,50
824,326,431,5,2067.34,0
825,327,196,5,7824.75,20
826,327,123,3,4655.27,50
827,327,48,2,417.63,5
828,328,3,4,1823.27,0
829,329,350,1,208.7,0
830,329,378,2,1261.2,0
831,330,455,4,4199.04,10
832,330,362,2,1252.73,20
833,330,502,2,6879.1,5
834,331,475,3,2091.68,20
835,331,470,2,7122.6,0
836,331,145,5,3365.89,10
837,331,485,3,3466.6,0
838,332,461,5,2495.25,5
839,333,165,3,7711.71,10
840,333,241,4,7247.97,0
841,334,149,4,7593.27,30
842,334,102,1,3029.59,10
843,334,414,3,4180.2,10
844,334,248,1,7661.52,0
845,335,188,3,6086.12,30
846,335,336,4,126.63,0
847,335,199,5,2796.24,25
848,336,258,1,5794.96,20
849,336,366,3,5067.89,50
850,337,333,4,1650.52,5
851,338,342,3,6095.52,30
852,339,106,2,4543.24,0
853,339,210,5,1927.31,0
854,339,106,4,7968.05,0
855,339,224,5,1172.2,5
856,340,419,1,192.41,50
857,340,215,1,5179.85,25
858,340,96,1,1970.01,0
859,341,46,5,5069.95,5
860,341,502,4,4374.49,0
861,341,91,2,7111.0,0
862,342,366,5,3474.14,15
863,342,22,4,1397.93,0
864,343,184,2,1339.94,0
865,343,472,2,1661.39,10
866,343,33,1,1882.44,0
867,344,443,2,6077.06,10
868,345,8,1,1356.64,20
869,345,112,2,4310.93,20
870,346,446,2,1314.54,0
871,347,338,2,4210.07,30
872,347,221,4,7978.02,30
873,348,286,4,6709.85,25
874,348,201,3,1791.76,0
875,348,94,4,6203.21,25
876,348,236,5,5586.69,0
877,349,139,5,7283.73,50
878,350,247,5,7018.81,0
879,351,248,5,4395.0,0
880,352,341,3,838.94,10
881,353,144,2,3975.02,5
882,353,453,2,806.13,0
883,354,472,4,4419.14,15
884,355,12,3,2767.68,0
885,355,86,1,5557.98,0
886,356,84,2,6482.98,50
887,356,450,1,3898.16,0
888,356,27,5,552.26,50
889,357,297,3,5410.21,30
890,357,489,3,771.82,0
891,358,180,4,6167.1,0
892,358,389,3,6327.65,15
893,358,46,4,3534.05,0
894,359,354,1,7097.76,20
895,360,154,1,4175.54,30
896,360,153,4,1071.24,20
897,360,51,3,7926.27,15
898,361,43,3,6302.61,20
899,361,417,5,5037.63,0
900,361,472,2,4856.61,50
901,362,190,1,6251.05,30
902,362,126,2,2215.7,0
903,362,6,4,4275.75,30
904,363,486,3,5185.84,30
905,363,388,4,2067.22,5
906,363,249,2,606.91,10
907,364,175,1,3260.65,10
908,364,418,5,5389.01,10
909,365,378,-2,7047.62,0
910,365,85,5,922.33,10
911,365,400,4,6594.09,10
912,366,44,3,3051.95,10
913,366,349,2,1909.72,15
914,367,87,3,6937.2,0
915,367,298,4,3348.41,10
916,368,513,2,3010.14,30
917,369,64,3,7782.56,25
918,369,299,3,5525.94,0
919,370,199,2,1750.6,15
920,370,405,5,2589.08,0
921,371,466,2,811.46,50
922,371,50,5,7040.91,0
923,372,505,2,5083.9,5
924,372,41,2,5187.82,5
925,373,518,1,7654.06,50
926,373,98,4,2686.78,20
927,373,9,4,6881.19,30
928,373,31,1,1748.76,0
929,374,14,3,984.92,0
930,375,271,4,5130.98,25
931,375,4,3,4808.97,20
932,376,60,4,6357.45,0
933,376,294,1,660.21,0
934,377,489,5,1927.66,30
935,378,200,1,6076.52,20
936,378,518,2,1345.66,5
937,378,346,2,3665.21,15
938,379,134,1,7476.85,10
939,379,376,5,7531.28,0
940,379,405,1,2766.19,25
941,379,99,4,6346.78,0
942,380,198,2,6787.64,0
943,381,91,5,2954.44,20
944,382,218,4,3699.47,15
945,383,365,2,2106.81,15
946,384,112,4,1548.89,50
947,385,216,4,4534.83,0
948,385,119,5,2394.17,0
949,385,459,2,4480.79,30
950,385,140,2,1975.66,30
951,386,128,1,5196.57,50
952,386,49,1,3027.45,0
953,386,297,5,4559.25,0
954,386,262,3,7486.2,25
955,387,431,4,5678.68,50
956,387,468,5,3069.36,10
957,388,394,5,4328.59,15
958,389,513,2,913.26,0
959,389,180,3,6359.16,5
960,390,302,1,6264.65,5
961,390,57,2,3496.01,50
962,391,159,5,7921.18,25
963,391,32,4,3711.73,20
964,391,234,4,1805.66,30
965,391,371,5,2673.65,50
966,392,292,5,7186.82,0
967,392,146,1,7684.16,0
968,393,416,-3,6456.22,0
969,393,445,5,4401.55,0
970,393,388,3,4449.85,50
971,393,16,3,675.15,5
972,394,195,4,6661.85,0
973,394,258,5,2761.13,0
974,394,247,2,3249.5,0
975,394,279,5,2554.87,30
976,395,2,1,1397.54,5
977,396,65,5,3186.32,20
978,397,207,1,6129.71,30
979,398,27,1,6533.08,15
980,399,83,1,542.29,10
981,400,465,5,5928.07,0
982,400,201,4,6916.9,30
983,400,52,5,5172.38,0
984,401,452,2,2233.96,25
985,401,460,4,3186.83,0
986,401,134,2,6127.43,20
987,402,486,-3,6409.47,25
988,402,69,4,7857.66,50
989,403,270,1,4239.45,30
990,403,238,1,1667.67,25
991,403,367,1,7638.13,15
992,404,479,2,7692.01,0
993,404,169,5,3767.61,5
994,405,225,1,103.67,0
995,406,136,2,7838.4,15
996,406,386,4,4630.14,15
997,406,304,1,3635.17,30
998,406,331,3,488.56,0
999,407,97,2,2422.73,0
1000,408,210,3,517.91,25
1001,408,111,3,3247.04,30
1002,408,175,2,5953.24,25
1003,408,504,2,6688.27,0
1004,409,176,1,2162.68,20
1005,409,449,5,5902.93,25
1006,410,249,4,1929.87,30
1007,410,419,1,1500.01,15
1008,411,505,3,6027.14,0
1009,412,490,4,7956.29,25
1010,412,415,1,7511.74,5
1011,412,374,5,1257.7,0
1012,412,185,1,1234.67,0
1013,413,375,3,1357.82,20
1014,413,108,1,4358.69,25
1015,414,179,4,5886.67,30
1016,414,408,1,1196.08,50
1017,414,275,4,7643.64,30
1018,415,17,4,4380.68,30
1019,415,35,2,7356.83,15
1020,416,520,5,5781.59,10
1021,416,346,3,2455.28,50
1022,417,520,1,3669.72,30
1023,418,184,1,3587.1,15
1024,418,490,2,3273.06,20
1025,418,27,2,7779.67,0
1026,418,66,5,3105.54,0
1027,419,154,4,3990.52,30
1028,419,158,5,3548.07,25
1029,419,40,2,4656.75,25
1030,419,191,5,4242.66,20
1031,420,370,3,2227.68,0
1032,420,40,4,4994.36,25
1033,421,351,1,7208.16,0
1034,422,472,3,7480.42,20
1035,422,302,5,1208.8,50
1036,422,276,2,5108.2,0
1037,423,106,2,1637.09,50
1038,423,192,3,2159.75,15
1039,423,183,5,5807.12,25
1040,423,414,3,7752.16,0
1041,424,105,2,4902.71,15
1042,424,401,2,7522.68,0
1043,425,270,-3,5201.98,30
1044,425,329,4,4513.61,0
1045,425,230,4,2369.71,10
1046,426,77,2,5023.12,30
1047,427,342,4,1402.04,5
1048,428,216,3,779.48,15
1049,428,111,4,2669.44,25
1050,429,375,3,1811.11,0
1051,429,100,5,6558.56,25
1052,429,47,2,3633.88,15
1053,430,291,5,6788.18,0
1054,431,125,1,1500.87,20
1055,432,490,5,5886.76,0
1056,432,357,1,1125.23,30
1057,432,439,4,1181.11,15
1058,432,519,4,2663.2,50
1059,433,142,4,2308.35,0
1060,433,348,4,4130.65,10
1061,433,295,5,2973.31,15
1062,433,122,2,2505.88,50
1063,434,41,4,300.63,0
1064,435,238,2,3042.78,5
1065,436,334,2,7031.24,0
1066,437,35,1,2659.42,25
1067,437,187,5,5100.74,30
1068,437,393,1,2346.47,30
1069,438,512,5,5762.23,0
1070,438,300,2,7201.06,25
1071,438,172,4,150.29,15
1072,438,224,3,7602.65,0
1073,439,195,5,936.3,0
1074,439,313,1,4891.98,0
1075,440,251,1,164.11,0
1076,441,475,3,1711.26,30
1077,441,414,-3,1403.97,25
1078,441,186,5,5354.74,0
1079,441,273,3,2634.71,15
1080,442,334,2,6915.63,0
1081,442,392,2,4136.33,25
1082,442,187,5,907.77,0
1083,442,65,4,5198.82,0
1084,443,191,2,6318.97,5
1085,443,220,1,1463.1,50
1086,443,335,4,7647.2,20
1087,443,148,5,2495.27,30
1088,444,209,2,2973.17,5
1089,444,126,3,2533.69,20
1090,445,166,4,7071.8,5
1091,445,341,4,7541.0,50
1092,445,120,3,4663.11,25
1093,445,450,2,4868.5,50
1094,446,57,2,3577.12,0
1095,447,510,2,4807.58,30
1096,447,142,1,5692.56,15
1097,447,249,5,7571.85,30
1098,448,138,-2,5434.24,0
1099,448,193,3,6345.63,0
1100,449,501,1,2195.96,30
1101,449,516,5,5519.51,25
1102,450,366,3,5577.22,15
1103,450,42,2,4326.42,0
1104,450,398,-2,7826.12,5
1105,450,329,1,6855.97,50
1106,451,216,4,6697.95,0
1107,452,357,1,5179.0,0
1108,453,198,1,3875.95,30
1109,454,426,5,7302.07,50
1110,455,118,1,4788.53,0
1111,455,119,2,5103.0,0
1112,455,420,2,6947.17,25
1113,455,92,4,1203.12,0
1114,456,43,1,925.59,0
1115,457,449,5,3627.28,15
1116,458,38,2,5999.51,5
1117,458,214,3,3508.44,15
1118,459,107,2,7027.29,10
1119,460,405,3,811.79,0
1120,460,335,5,2763.53,0
1121,461,199,2,3067.06,0
1122,461,68,3,2864.81,20
1123,462,132,2,4594.07,15
1124,463,122,1,1908.02,25
1125,463,335,2,3448.51,15
1126,463,218,5,2524.87,0
1127,463,27,1,692.1,0
1128,464,166,4,3437.43,15
1129,464,171,4,4009.37,0
1130,465,437,4,7715.55,20
1131,466,110,4,1099.21,10
1132,467,228,3,6926.04,0
1133,467,372,3,563.32,0
1134,467,378,4,4558.98,25
1135,468,357,3,3030.02,50
1136,468,258,3,6763.69,5
1137,468,473,4,1181.19,10
1138,468,122,-4,448.58,0
1139,469,236,1,6468.16,20
1140,470,501,4,6131.21,0
1141,471,100,4,4400.54,30
1142,471,111,3,1270.24,0
1143,472,419,1,1644.34,0
1144,472,341,4,525.68,5
1145,472,370,1,6522.68,10
1146,473,117,4,6428.11,0
1147,473,358,-2,4564.54,0
1148,473,437,5,5443.29,25
1149,474,6,5,334.5,0
1150,474,413,3,5401.3,5
1151,474,261,2,7363.7,25
1152,474,81,4,3550.79,0
1153,475,487,5,2000.33,0
1154,475,425,1,7840.6,20
1155,475,26,4,7724.14,50
1156,476,128,1,4749.26,25
1157,477,242,-1,5275.32,50
1158,477,277,5,4461.07,50
1159,477,325,-5,2069.4,0
1160,478,305,1,4909.91,0
1161,478,505,5,7441.16,20
1162,479,425,1,4763.51,0
1163,479,421,4,6024.26,0
1164,480,497,1,3931.15,0
1165,480,331,4,2061.11,0
1166,480,297,4,5922.05,30
1167,480,457,5,1000.11,50
1168,481,442,1,7297.46,0
1169,482,176,1,502.75,25
1170,482,29,1,533.89,0
1171,483,86,1,7225.3,30
1172,483,517,2,5644.35,50
1173,483,86,5,1258.19,0
1174,484,297,1,4346.26,50
1175,484,409,5,6580.75,0
1176,484,463,3,1192.1,0
1177,484,451,3,5925.82,5
1178,485,27,4,4358.89,0
1179,485,485,3,3408.42,15
1180,485,390,1,1520.66,5
1181,486,162,3,822.88,0
1182,487,517,5,1406.26,20
1183,487,489,2,6042.04,50
1184,487,121,1,4751.85,5
1185,487,434,3,798.65,50
1186,488,255,3,4005.41,30
1187,489,230,4,7160.73,30
1188,489,408,3,2896.94,25
1189,490,290,3,7089.66,20
1190,490,440,5,4419.71,10
1191,491,455,3,2567.91,0
1192,492,164,2,907.46,0
1193,493,282,5,6621.61,20
1194,493,228,5,102.71,50
1195,493,234,3,4308.36,30
1196,494,155,4,2142.4,25
1197,495,65,5,3456.82,50
1198,495,255,1,1794.17,0
1199,495,210,3,7898.37,0
1200,495,1,4,1785.42,20
1201,496,329,2,445.95,10
1202,496,170,5,3264.81,0
1203,496,508,3,2299.49,10
1204,497,33,3,869.16,15
1205,497,427,2,2261.44,50
1206,498,130,1,5948.65,0
1207,498,43,3,4628.55,30
1208,498,411,5,7269.67,0
1209,498,82,4,1249.14,10
1210,499,232,3,6797.55,0
1211,499,272,3,7361.02,20
1212,499,255,5,5339.03,50
1213,499,320,5,4986.51,25
1214,500,336,5,7150.93,0
1215,500,114,3,7833.28,0
1216,500,60,1,5806.81,0
1217,500,46,4,2046.53,20
1218,501,233,1,720.99,0
1219,501,213,5,6193.21,20
1220,501,103,4,3345.24,0
1221,502,8,3,540.91,25
1222,502,309,-1,5282.91,50
1223,502,184,2,7773.07,10
1224,503,446,3,7989.26,10
1225,504,269,4,2682.31,20
1226,504,323,-2,6344.97,10
1227,504,349,4,3971.23,25
1228,504,327,5,4612.56,10
1229,505,436,2,6461.59,0
1230,505,415,2,6279.62,10
1231,506,345,2,1556.17,20
1232,506,356,3,3232.27,15
1233,506,165,2,172.33,20
1234,506,463,2,1302.03,0
1235,507,138,4,3844.19,20
1236,507,81,3,3182.13,0
1237,507,382,2,7869.6,0
1238,507,398,5,2084.49,30
1239,508,111,1,7837.49,0
1240,509,131,5,3229.04,25
1241,509,367,2,1465.82,50
1242,509,457,4,7188.4,10
1243,509,169,2,3327.53,10
1244,510,55,1,976.17,0
1245,510,351,2,1907.58,25
1246,510,50,2,5601.83,20
1247,510,378,4,7792.25,0
1248,511,239,5,1110.54,30
1249,511,49,5,2100.42,10
1250,511,377,1,3490.97,10
1251,512,79,4,1250.57,5
1252,512,293,1,1629.04,25
1253,512,87,5,5918.18,25
1254,513,249,4,3245.34,5
1255,513,502,3,5460.29,0
1256,513,389,2,6954.12,30
1257,513,13,2,7192.14,15
1258,514,43,1,3157.5,5
1259,515,236,3,1635.46,20
1260,515,274,3,4074.03,0
1261,515,313,5,2715.09,5
1262,516,71,1,6919.46,0
1263,517,436,4,2364.19,0
1264,517,369,3,2302.95,10
1265,517,216,3,522.55,30
1266,517,223,5,5538.63,25
1267,518,247,5,5170.12,15
1268,518,262,5,4339.38,30
1269,518,436,5,6450.85,50
1270,518,63,5,6233.65,50
1271,519,108,3,5654.31,25
1272,519,386,3,5480.09,10
1273,519,391,2,807.38,50
1274,520,232,2,7246.01,30
1275,520,106,5,4219.56,5
1276,520,512,2,7884.11,30
1277,521,216,4,1341.22,50
1278,522,218,5,7400.81,50
1279,522,16,2,453.78,0
1280,523,396,2,116.69,0
1281,523,493,4,1005.45,0
1282,524,194,-1,760.53,10
1283,524,241,3,834.23,0
1284,524,88,5,2622.67,5
1285,524,283,5,474.18,25
1286,525,419,5,1640.4,10
1287,525,36,5,5442.62,0
1288,525,469,1,6207.45,0
1289,525,338,4,127.72,10
1290,526,447,4,2718.12,0
1291,526,276,4,5380.69,20
1292,526,380,1,7249.4,20
1293,526,289,3,5700.77,5
1294,527,276,4,894.52,50
1295,528,200,1,218.85,30
1296,528,145,4,1698.19,30
1297,528,415,4,4583.0,50
1298,528,240,2,3727.0,0
1299,529,122,5,7191.88,50
1300,529,75,4,5488.81,25
1301,529,185,3,6442.52,20
1302,529,387,3,712.52,25
1303,530,136,5,275.99,0
1304,531,192,3,7710.8,30
1305,531,6,-4,7824.45,30
1306,531,473,5,1199.68,0
1307,531,472,3,2583.4,0
1308,532,500,4,812.68,0
1309,532,99,3,1560.54,0
1310,532,149,5,6694.81,30
1311,532,142,3,5730.88,20
1312,533,343,3,1213.21,25
1313,533,376,5,3649.3,10
1314,533,355,3,931.36,30
1315,533,327,3,6684.17,0
1316,534,130,5,6774.88,0
1317,534,19,3,100.48,50
1318,534,420,1,3254.46,15
1319,534,140,3,3728.93,5
1320,535,336,4,4074.48,30
1321,535,188,-3,802.78,30
1322,535,93,2,5764.91,5
1323,536,383,4,7538.62,30
1324,536,61,1,565.45,15
1325,537,183,1,7800.32,50
1326,538,191,1,5289.8,15
1327,538,233,4,7052.88,15
1328,538,45,4,4599.14,5
1329,538,322,1,6496.33,50
1330,539,517,1,2125.76,0
1331,540,145,5,5623.1,5
1332,540,219,5,3364.31,30
1333,540,484,4,4801.91,10
1334,541,145,4,795.92,50
1335,542,219,2,6506.4,0
1336,542,361,1,2725.09,0
1337,542,71,5,3285.93,0
1338,542,449,4,1785.35,15
1339,543,156,5,6608.47,15
1340,543,446,4,3304.49,10
1341,543,225,1,3637.66,50
1342,544,311,3,4076.7,30
1343,544,416,2,1900.03,10
1344,544,457,2,2713.7,0
1345,545,344,3,3208.44,25
1346,545,211,3,7691.28,0
1347,545,35,5,6614.75,50
1348,545,110,5,7228.28,15
1349,546,105,4,2544.84,0
1350,547,520,1,7974.57,25
1351,547,146,4,7891.61,0
1352,548,56,3,3616.96,20
1353,548,380,2,287.96,50
1354,548,86,2,7367.35,10
1355,549,449,1,5368.21,0
1356,549,61,3,7210.77,15
1357,550,81,2,6100.42,0
1358,551,356,1,6916.31,0
1359,551,348,5,5106.36,50
1360,551,103,1,446.22,25
1361,552,51,2,3763.2,30
1362,552,29,3,4760.11,15
1363,552,10,2,6650.95,0
1364,552,312,4,5452.55,5
1365,553,285,2,4673.93,0
1366,554,47,2,7038.47,20
1367,554,66,5,7781.2,10
1368,554,227,1,5052.2,0
1369,555,368,5,1476.67,30
1370,555,349,3,2024.68,15
1371,555,61,2,3164.59,0
1372,556,408,4,4663.11,0
1373,556,61,5,7320.66,30
1374,556,270,1,5765.32,25
1375,556,513,1,7173.97,25
1376,557,296,2,7655.69,5
1377,557,231,3,7709.12,15
1378,557,161,-1,3977.13,20
1379,558,12,-3,1369.37,15
1380,558,262,1,7884.41,15
1381,558,471,2,1550.79,0
1382,559,154,2,5059.12,50
1383,559,72,2,2530.95,0
1384,559,432,1,352.39,0
1385,560,424,3,5133.93,30
1386,561,91,-2,7102.55,0
1387,561,7,4,1837.56,0
1388,561,343,3,2742.64,25
1389,562,176,3,6899.56,0
1390,562,172,5,6191.42,10
1391,562,430,4,7630.68,5
1392,562,469,2,7089.48,0
1393,563,475,3,714.13,25
1394,563,118,1,1096.05,25
1395,563,7,1,6750.64,5
1396,564,176,2,7663.74,0
1397,564,501,1,7292.05,0
1398,565,516,3,3526.51,0
1399,566,84,2,2725.29,30
1400,566,482,5,4594.9,25
1401,566,46,2,844.15,30
1402,566,491,1,6207.7,5
1403,567,492,1,3065.96,0
1404,567,55,2,2281.28,10
1405,568,167,5,5806.82,25
1406,569,131,1,1788.64,10
1407,570,91,2,1328.35,10
1408,570,135,3,7900.48,5
1409,571,201,1,7632.54,15
1410,572,37,2,5904.81,0
1411,573,225,1,5743.71,0
1412,573,131,2,3567.36,15
1413,574,516,2,1632.31,0
1414,575,406,4,471.58,10
1415,576,237,1,6616.54,15
1416,576,99,4,2911.29,50
1417,577,92,2,5501.92,0
1418,577,481,4,6522.34,0
1419,578,224,4,422.93,0
1420,578,283,1,330.46,5
1421,578,84,1,3195.87,0
1422,579,376,1,210.54,0
1423,579,403,4,3011.74,20
1424,580,87,1,5633.37,0
1425,580,62,5,3210.36,15
1426,580,308,3,6252.54,10
1427,580,314,1,3508.73,5
1428,581,386,2,2815.94,10
1429,581,395,2,1122.86,0
1430,582,151,4,1028.02,10
1431,582,352,3,3346.39,0
1432,583,41,3,901.15,30
1433,583,101,5,7598.23,50
1434,583,319,5,1265.4,5
1435,584,206,5,3104.1,5
1436,585,472,2,5789.31,10
1437,585,242,2,5367.01,15
1438,585,247,2,7598.96,0
1439,586,512,1,2990.17,30
1440,587,479,1,5778.27,15
1441,587,512,4,4553.35,10
1442,587,344,3,3270.88,10
1443,587,484,2,1995.44,15
1444,588,392,4,5852.25,30
1445,588,81,1,7256.96,0
1446,588,9,2,3022.52,30
1447,589,350,5,2520.16,0
1448,589,381,2,4807.96,15
1449,589,187,5,2486.49,25
1450,590,140,-2,6973.91,10
1451,591,273,3,4749.16,0
1452,591,54,2,7471.69,10
1453,592,426,5,2057.72,0
1454,592,219,1,2602.21,10
1455,592,232,1,3359.93,25
1456,593,508,-1,5200.37,0
1457,594,458,2,1049.95,15
1458,594,161,1,4500.15,15
1459,594,181,2,7758.74,10
1460,595,50,5,2152.12,25
1461,595,26,1,5178.24,0
1462,595,228,5,2797.35,0
1463,595,410,4,1143.25,20
1464,596,286,4,3797.44,0
1465,596,157,1,468.47,15
1466,596,334,4,596.77,15
1467,597,132,-1,1300.67,0
1468,598,123,3,3758.61,5
1469,599,127,1,1891.0,50
1470,599,507,2,4279.78,0
1471,599,388,2,1667.83,5
1472,599,401,5,5702.58,30
1473,600,253,1,1573.25,25
1474,600,361,3,3050.88,50
1475,601,233,2,1291.13,25
1476,601,179,5,4225.48,50
1477,602,363,3,3842.08,5
1478,603,359,2,3471.89,30
1479,603,471,1,823.94,0
1480,604,518,5,4896.36,0
1481,605,128,2,879.5,25
1482,605,228,2,2898.34,30
1483,606,269,1,3994.66,20
1484,606,206,5,6256.87,25
1485,607,222,4,1135.09,5
1486,607,18,2,1374.95,30
1487,607,355,1,2407.09,0
1488,608,59,2,7671.0,20
1489,608,217,4,7118.58,15
1490,609,251,1,2013.72,25
1491,609,279,1,1006.45,0
1492,609,242,4,3985.03,0
1493,610,313,4,1910.01,30
1494,611,226,5,207.06,0
1495,612,409,2,552.92,10
1496,612,396,2,5788.75,15
1497,612,47,1,2287.11,25
1498,612,69,3,4592.55,0
1499,613,80,1,5791.0,0
1500,613,439,5,5418.52,15
1501,613,385,-3,7473.43,0
1502,614,190,5,4422.26,15
1503,614,19,1,104.17,0
1504,615,73,2,1350.54,0
1505,615,92,5,4019.43,0
1506,615,250,2,7532.33,50
1507,616,416,5,4302.64,25
1508,616,76,1,4233.44,5
1509,616,82,2,7156.25,5
1510,616,399,5,1564.46,25
1511,617,487,4,5594.08,30
1512,618,317,3,5135.48,5
1513,618,337,2,824.39,20
1514,618,343,3,7635.12,50
1515,618,124,2,1243.38,0
1516,619,388,3,6219.31,25
1517,620,492,3,3703.15,10
1518,620,476,1,109.41,20
1519,620,509,4,4403.57,20
1520,621,92,3,4785.38,10
1521,621,437,4,3146.69,15
1522,621,417,1,2711.94,0
1523,621,204,2,5622.35,25
1524,622,437,5,7802.91,50
1525,623,367,4,968.29,50
1526,623,211,2,3103.24,15
1527,624,377,3,5780.23,0
1528,625,212,1,1372.71,20
1529,625,297,4,7900.84,15
1530,625,344,5,4520.77,50
1531,626,254,3,3370.19,20
1532,626,227,3,6054.38,10
1533,626,125,3,6305.96,10
1534,626,249,4,4867.5,5
1535,627,277,3,2352.2,50
1536,627,176,4,4254.01,30
1537,627,431,2,4787.24,30
1538,628,277,5,5816.01,5
1539,628,457,1,918.53,0
1540,629,45,1,1009.63,25
1541,629,357,4,7203.98,30
1542,630,345,3,6296.52,15
1543,630,39,4,1142.1,0
1544,631,312,1,2297.29,20
1545,631,229,4,1272.22,50
1546,632,110,1,5924.64,15
1547,633,403,1,6923.82,15
1548,633,339,3,4799.75,5
1549,634,81,4,4487.48,20
1550,634,370,5,7560.62,10
1551,634,407,5,2149.06,15
1552,635,380,2,1860.3,30
1553,635,196,1,2443.32,0
1554,635,35,4,5398.91,0
1555,635,272,2,3714.4,0
1556,636,462,2,247.86,5
1557,636,29,5,5957.47,20
1558,636,145,1,7222.69,15
1559,636,52,5,3113.29,50
1560,637,293,1,7781.0,25
1561,637,310,1,1587.76,0
1562,638,49,3,1904.21,15
1563,638,433,2,4516.77,10
1564,639,204,3,6037.69,0
1565,639,240,2,7952.73,50
1566,639,111,1,1162.09,20
1567,639,225,2,178.69,0
1568,640,439,3,3583.69,0
1569,640,438,4,6544.7,25
1570,641,256,4,2844.25,15
1571,641,58,1,5169.86,5
1572,642,265,2,5904.26,30
1573,643,48,2,1812.6,0
1574,643,17,2,3721.78,50
1575,643,136,1,1388.05,0
1576,643,424,3,3049.07,25
1577,644,488,5,6231.88,0
1578,644,188,4,2157.56,0
1579,644,233,3,2942.11,30
1580,645,348,2,3806.37,0
1581,645,325,5,606.3,0
1582,645,395,5,7650.7,15
1583,645,520,4,2325.8,10
1584,646,79,2,5054.89,25
1585,646,123,2,767.84,0
1586,647,426,5,5605.42,30
1587,647,466,5,7339.01,0
1588,647,231,1,3929.38,0
1589,647,258,5,918.2,50
1590,648,506,2,5908.23,0
1591,648,398,1,1222.63,25
1592,648,168,3,4504.69,0
1593,649,385,3,1282.26,0
1594,650,392,4,5512.28,10
1595,650,201,2,5946.3,0
1596,651,313,3,3598.27,0
1597,651,339,5,4042.86,50
1598,652,384,3,6455.07,0
1599,653,195,5,663.83,15
1600,653,407,4,5028.92,0
1601,653,325,4,1752.7,50
1602,653,486,4,1561.39,25
1603,654,18,2,2933.67,0
1604,654,86,4,3255.0,30
1605,654,162,2,1157.19,15
1606,655,224,5,663.55,20
1607,655,412,1,2610.19,50
1608,656,419,4,5380.16,0
1609,656,44,2,5809.49,0
1610,657,28,4,5339.64,50
1611,657,229,5,1636.8,0
1612,657,230,5,419.54,10
1613,657,156,2,5174.69,0
1614,658,116,2,3039.69,10
1615,659,512,5,3539.98,20
1616,659,113,4,166.65,50
1617,659,399,5,4494.55,0
1618,660,44,3,6713.66,0
1619,660,453,4,7431.74,25
1620,660,336,5,6672.08,30
1621,661,122,4,6974.71,10
1622,661,185,5,1121.48,10
1623,661,149,1,5747.39,20
1624,661,66,2,1545.87,10
1625,662,116,3,2098.19,5
1626,663,115,4,7344.59,50
1627,663,417,1,4958.48,0
1628,663,99,5,7816.44,10
1629,664,21,5,976.06,30
1630,664,22,1,3512.73,20
1631,665,166,1,2847.9,5
1632,665,99,5,4397.38,5
1633,666,277,3,2680.44,0
1634,667,364,5,4443.68,0
1635,667,176,5,7406.75,50
1636,668,168,1,4318.46,20
1637,669,212,4,6876.58,0
1638,669,220,5,3144.38,5
1639,669,345,4,6001.17,30
1640,669,182,1,7711.45,20
1641,670,112,4,3529.02,10
1642,670,161,1,1599.99,30
1643,670,102,2,5763.48,0
1644,670,358,5,5875.61,5
1645,671,489,4,5853.75,0
1646,671,416,3,6137.61,0
1647,672,380,4,5240.08,20
1648,672,103,5,5114.95,30
1649,672,479,3,692.98,0
1650,672,516,5,3337.04,25
1651,673,253,3,3410.09,30
1652,674,155,3,1507.74,0
1653,674,394,4,5597.86,20
1654,674,142,2,2895.82,0
1655,675,167,4,4972.27,50
1656,675,10,3,4858.52,20
1657,675,24,4,7104.1,50
1658,676,422,3,1227.48,50
1659,676,449,4,7976.43,0
1660,676,4,5,3927.01,30
1661,676,262,5,3712.55,25
1662,677,78,5,2345.39,10
1663,677,310,5,4905.27,30
1664,677,352,1,2016.0,25
1665,678,110,4,4337.84,30
1666,678,272,4,4715.81,0
1667,679,404,-3,4878.93,30
1668,679,168,1,1450.12,0
1669,679,410,4,3723.58,20
1670,680,184,5,583.53,30
1671,680,107,3,2096.04,30
1672,680,195,-2,7030.35,50
1673,681,243,3,5367.38,30
1674,682,356,3,5973.75,0
1675,682,458,4,1968.84,0
1676,682,48,3,473.22,5
1677,682,105,3,6102.2,20
1678,683,397,-2,7749.1,15
1679,683,197,3,2162.37,50
1680,683,443,4,5353.23,10
1681,684,122,5,6113.24,0
1682,684,32,5,3374.12,0
1683,684,126,1,1711.95,15
1684,684,259,1,7359.58,10
1685,685,281,5,441.8,25
1686,685,384,3,4513.15,20
1687,686,120,3,3084.86,0
1688,686,490,3,4929.13,20
1689,687,186,3,6168.14,0
1690,687,302,1,2721.1,5
1691,688,311,1,2527.7,20
1692,688,229,5,6305.19,15
1693,688,231,5,1448.71,5
1694,688,295,-3,6660.45,0
1695,689,58,3,1413.17,50
1696,689,94,1,3215.65,0
1697,689,147,1,6255.15,5
1698,690,253,4,6201.97,30
1699,690,333,5,2635.78,15
1700,690,355,2,5381.89,0
1701,690,119,2,2569.76,20
1702,691,57,4,763.86,0
1703,691,372,3,4279.83,0
1704,691,315,3,2140.78,25
1705,692,366,4,2992.36,5
1706,692,115,2,7003.38,10
1707,692,471,4,4686.59,50
1708,693,38,3,7220.29,5
1709,693,228,3,4133.31,0
1710,694,206,1,3428.15,0
1711,694,187,2,4217.21,50
1712,695,70,1,4097.62,0
1713,695,202,3,3891.36,25
1714,695,324,1,4483.33,0
1715,695,419,1,1065.59,10
1716,696,52,2,5858.61,25
1717,696,436,1,6921.47,15
1718,696,509,4,2305.81,20
1719,697,408,4,3093.31,0
1720,698,264,3,6527.7,0
1721,699,30,4,7257.68,0
1722,699,349,1,4304.9,30
1723,699,349,4,234.0,5
1724,699,420,2,771.38,50
1725,700,305,3,2428.99,10
1726,700,469,5,7217.46,50
1727,700,503,5,1448.5,15
