customer_id,customer_name,email,registration_date,customer_type
1,Sai Sharma,sai.sharma1@gmail.com,2023-08-17,REGULAR
2,Sai Joshi,sai.joshi2@outlook.com,2023-03-31,REGULAR
3,Vivaan Sharma,vivaan.sharma3@gmail.com,2024-06-01,PREMIUM
4,Sanjay Singh,sanjay.singh4@outlook.com,2024-07-12,REGULAR
5,Neha Mehta,neha.mehta5@gmail.com,2025-02-16,PREMIUM
6,Karan Patel,karan.patel6@gmail.com,2025-02-20,REGULAR
7,Aditya Reddy,aditya.reddy7@yahoo.com,2024-09-10,REGULAR
8,Vivaan Chopra,vivaan.chopra8@gmail.com,2024-01-23,REGULAR
9,Kavya Kapoor,kavya.kapoor9@yahoo.com,2024-08-14,REGULAR
10,Aditya Sharma,aditya.sharma10@yahoo.com,2023-03-23,PREMIUM
11,Sai Reddy,sai.reddy11@outlook.com,2025-05-04,REGULAR
12,Meera Patel,meera.patel12@yahoo.com,2024-12-19,VIP
13,Aditya Mehta,aditya.mehta13@outlook.com,2025-01-16,REGULAR
14,Neha Reddy,neha.reddy14@outlook.com,2024-12-05,REGULAR
15,Riya Kapoor,riya.kapoor15@gmail.com,2023-08-23,PREMIUM
16,Riya Reddy,riya.reddy16@gmail.com,2024-08-03,PREMIUM
17,Riya Singh,riya.singh17@yahoo.com,2024-10-20,REGULAR
18,Priya Gupta,priya.gupta18@outlook.com,2024-07-05,REGULAR
19,Deepak Reddy,deepak.reddy19@yahoo.com,2024-01-06,REGULAR
20,Arjun Iyer,arjun.iyer20@gmail.com,2025-05-31,REGULAR
21,Ishaan Malhotra,ishaan.malhotra21@outlook.com,2023-03-07,REGULAR
22,Ritu Nair,ritu.nair22@outlook.com,2025-05-31,VIP
23,Sai Joshi,sai.joshi23@yahoo.com,2025-02-26,PREMIUM
24,Sai Kumar,sai.kumar24@yahoo.com,2023-01-04,VIP
25,Priya Iyer,priya.iyer25@outlook.com,2023-04-19,PREMIUM
26,Kavya Kapoor,kavya.kapoor26@outlook.com,2023-07-23,REGULAR
27,Ishaan Iyer,ishaan.iyer27@outlook.com,2023-01-01,REGULAR
28,Pooja Sharma,pooja.sharma28@yahoo.com,2025-06-18,VIP
29,Kavya Singh,kavya.singh29@outlook.com,2023-03-22,REGULAR
30,Pooja Kapoor,pooja.kapoor30@outlook.com,2025-02-23,REGULAR
31,Pooja Iyer,pooja.iyer31@outlook.com,2025-06-12,PREMIUM
32,Ananya Bansal,ananya.bansal32@outlook.com,2024-12-07,REGULAR
33,Kavya Reddy,kavya.reddy33@outlook.com,2024-01-18,REGULAR
34,Amit Nair,amit.nair34@gmail.com,2023-03-07,REGULAR
35,Deepak Iyer,deepak.iyer35@gmail.com,2023-01-08,REGULAR
36,Vivaan Singh,vivaan.singh36@gmail.com,2025-05-30,REGULAR
37,Amit Singh,amit.singh37@yahoo.com,2023-08-08,REGULAR
38,Deepak Mehta,deepak.mehta38@yahoo.com,2025-04-06,REGULAR
39,Sai Verma,sai.verma39@yahoo.com,2024-03-09,REGULAR
40,Vivaan Joshi,vivaan.joshi40@outlook.com,2023-04-11,REGULAR
41,Riya Malhotra,riya.malhotra41@gmail.com,2023-07-16,REGULAR
42,Neha Gupta,neha.gupta42@yahoo.com,2024-04-18,REGULAR
43,Aditya Nair,aditya.nair43@outlook.com,2023-04-11,REGULAR
44,Sanjay Kapoor,sanjay.kapoor@,2023-04-06,VIP
45,Diya Gupta,diya.gupta45@yahoo.com,2023-08-07,PREMIUM
46,Vivaan Gupta,vivaan.gupta46@yahoo.com,2023-09-29,VIP
47,Neha Kumar,neha.kumar47@outlook.com,2025-03-13,REGULAR
48,Pooja Gupta,pooja.gupta48@gmail.com,2023-03-01,REGULAR
49,Sanjay Sharma,sanjay.sharma49@gmail.com,2023-02-21,REGULAR
50,Amit Bansal,amit.bansal50@gmail.com,2023-02-28,VIP
51,Aditya Kapoor,aditya.kapoor51@outlook.com,2023-03-11,PREMIUM
52,Diya Reddy,diya.reddy52@outlook.com,2023-09-10,REGULAR
53,Vivaan Mehta,vivaan.mehta53@outlook.com,2024-08-20,REGULAR
54,Riya Bansal,riya.bansal54@outlook.com,2025-01-03,REGULAR
55,Priya Reddy,priya.reddy55@outlook.com,2023-11-04,REGULAR
56,Aditya Sharma,aditya.sharma56@outlook.com,2023-04-13,REGULAR
57,Ananya Iyer,ananya.iyer57@yahoo.com,2023-03-12,PREMIUM
58,Meera Kumar,meera.kumar58@outlook.com,2024-12-21,REGULAR
59,Amit Sharma,amit.sharma59@outlook.com,2023-11-03,VIP
60,Sai Bansal,sai.bansal60@gmail.com,2023-04-20,PREMIUM
61,Arjun Kumar,arjun.kumar61@gmail.com,2025-01-04,REGULAR
62,Priya Iyer,priya.iyer62@gmail.com,2023-04-05,PREMIUM
63,Priya Sharma,priyasharmagmail.com,2025-02-28,REGULAR
64,Priya Gupta,priya.gupta64@outlook.com,2024-12-23,REGULAR
65,Aarav Verma,aarav.verma65@outlook.com,2023-06-02,REGULAR
66,Meera Mehta,meera.mehta66@yahoo.com,2023-05-11,REGULAR
67,Meera Bansal,meera.bansal67@gmail.com,2024-01-02,REGULAR
68,Diya Joshi,diya.joshi68@outlook.com,2025-06-14,REGULAR
69,Ritu Chopra,ritu.chopra69@gmail.com,2025-06-04,REGULAR
70,Ishaan Bansal,ishaan.bansal70@gmail.com,2025-01-24,VIP
71,Karan Malhotra,karan.malhotra71@outlook.com,2025-04-10,REGULAR
72,Ishaan Malhotra,ishaan.malhotra72@yahoo.com,2025-06-12,REGULAR
73,Pooja Singh,pooja.singh73@yahoo.com,2023-12-25,REGULAR
74,Diya Singh,diya.singh74@gmail.com,2024-02-13,REGULAR
75,Aditya Malhotra,aditya.malhotra75@outlook.com,2024-06-05,REGULAR
76,Sanjay Patel,sanjay.patel76@gmail.com,2025-06-17,VIP
77,Ishaan Mehta,ishaan.mehta77@yahoo.com,2023-02-09,REGULAR
78,Karan Patel,karan.patel78@yahoo.com,2024-03-22,PREMIUM
79,Amit Verma,amit.verma79@outlook.com,2023-07-14,REGULAR
80,Karan Sharma,karan.sharma80@outlook.com,2024-12-04,PREMIUM
81,Ananya Patel,ananya.patel81@outlook.com,2023-12-05,PREMIUM
82,Sai Chopra,sai.chopra82@outlook.com,2023-11-13,PREMIUM
83,Riya Reddy,riya.reddy83@outlook.com,2023-05-11,REGULAR
84,Rohan Joshi,rohan.joshi84@gmail.com,2024-09-22,REGULAR
85,Rohan Iyer,rohan.iyer85@yahoo.com,2023-10-21,REGULAR
86,Deepak Mehta,deepak.mehta86@yahoo.com,2024-03-28,REGULAR
87,Ananya Iyer,ananya.iyer87@outlook.com,2023-06-23,PREMIUM
88,Kavya Iyer,kavya.iyer88@outlook.com,2023-12-10,REGULAR
89,Diya Joshi,diya.joshi89@gmail.com,2023-05-31,REGULAR
90,Diya Nair,diya.nair90@gmail.com,2024-04-11,REGULAR
91,Deepak Singh,deepak.singh91@yahoo.com,2024-05-21,REGULAR
92,Arjun Joshi,arjun.joshi92@gmail.com,2025-03-08,REGULAR
93,Ishaan Malhotra,ishaan.malhotra93@outlook.com,2024-04-20,REGULAR
94,Diya Bansal,diya.bansal94@yahoo.com,2023-05-17,PREMIUM
95,Amit Iyer,amit.iyer95@yahoo.com,2024-09-19,PREMIUM
96,Amit Reddy,amit.reddy96@outlook.com,2024-04-01,PREMIUM
97,Pooja Nair,pooja.nair97@gmail.com,2025-05-10,PREMIUM
98,Amit Nair,amit.nair98@yahoo.com,2024-03-26,REGULAR
99,Kavya Singh,kavya.singh99@yahoo.com,2024-07-07,REGULAR
100,Arjun Singh,arjun.singh100@gmail.com,2024-12-24,REGULAR
101,Karan Reddy,karan.reddy101@yahoo.com,2024-03-01,REGULAR
102,Karan Reddy,karan.reddy102@outlook.com,2024-12-13,REGULAR
103,Deepak Reddy,deepak.reddy103@yahoo.com,2023-11-02,PREMIUM
104,Karan Iyer,karan.iyer104@outlook.com,2025-03-30,PREMIUM
105,Diya Nair,diya.nair105@yahoo.com,2024-05-12,REGULAR
106,Riya Joshi,riya.joshi106@yahoo.com,2025-01-11,REGULAR
107,Neha Bansal,neha.bansal107@outlook.com,2024-06-30,REGULAR
108,Rohan Mehta,rohan.mehta108@gmail.com,2023-03-27,PREMIUM
109,Arjun Kapoor,arjun.kapoor109@gmail.com,2023-09-24,REGULAR
110,Ananya Nair,ananya.nair110@yahoo.com,2023-10-12,PREMIUM
111,Karan Kumar,karan.kumar111@yahoo.com,2023-01-20,PREMIUM
112,Vivaan Patel,vivaan.patel112@gmail.com,2025-03-10,VIP
113,Vivaan Malhotra,vivaan.malhotra113@gmail.com,2023-07-24,PREMIUM
114,Ritu Gupta,ritu.gupta114@yahoo.com,2024-11-16,REGULAR
115,Ananya Nair,ananya.nair115@yahoo.com,2023-06-21,PREMIUM
116,Sai Malhotra,sai.malhotra116@yahoo.com,2023-04-21,REGULAR
117,Kavya Mehta,kavya.mehta117@yahoo.com,2024-02-11,VIP
118,Ananya Verma,ananya.verma118@outlook.com,2023-09-06,REGULAR
119,Kavya Kapoor,kavya.kapoor119@gmail.com,2025-03-26,VIP
120,Vivaan Patel,vivaan.patel120@outlook.com,2024-01-15,REGULAR
121,Riya Sharma,riya.sharma121@yahoo.com,2023-04-19,REGULAR
122,Meera Joshi,meera.joshi122@yahoo.com,2024-12-25,REGULAR
123,Ishaan Chopra,ishaan.chopra123@outlook.com,2023-10-04,PREMIUM
124,Sanjay Malhotra,sanjay.malhotra124@yahoo.com,2025-04-25,PREMIUM
125,Priya Patel,priya.patel125@gmail.com,2023-10-13,PREMIUM
126,Diya Malhotra,diya.malhotra126@outlook.com,2024-11-15,REGULAR
127,Aarav Nair,aarav.nair127@gmail.com,2024-05-14,REGULAR
128,Priya Patel,priya.patel128@outlook.com,2024-12-19,PREMIUM
129,Sanjay Sharma,sanjay.sharma129@gmail.com,2023-03-29,REGULAR
130,Karan Nair,karan.nair130@gmail.com,2024-12-08,REGULAR
131,Pooja Nair,pooja.nair131@gmail.com,2023-10-29,REGULAR
132,Diya Kumar,diya.kumar132@yahoo.com,2024-04-29,REGULAR
133,Meera Reddy,meera.reddy133@outlook.com,2023-12-05,REGULAR
134,Neha Kumar,neha.kumar134@gmail.com,2023-05-04,PREMIUM
135,Riya Verma,riya.verma135@outlook.com,2023-07-09,REGULAR
136,Pooja Kumar,pooja.kumar136@outlook.com,2024-09-03,REGULAR
137,Sai Kapoor,sai.kapoor137@gmail.com,2024-01-05,REGULAR
138,Aarav Chopra,aarav.chopra138@yahoo.com,2023-02-16,VIP
139,Sanjay Kumar,sanjay.kumar139@gmail.com,2024-10-15,PREMIUM
140,Pooja Verma,pooja.verma140@outlook.com,2023-10-19,REGULAR
141,Neha Patel,neha.patel141@gmail.com,2023-09-16,VIP
142,Pooja Verma,pooja.verma142@yahoo.com,2024-05-18,REGULAR
143,Vivaan Gupta,vivaan.gupta143@outlook.com,2023-11-08,REGULAR
144,Diya Verma,diya.verma144@yahoo.com,2024-09-12,REGULAR
145,Ritu Singh,ritu.singh145@yahoo.com,2024-04-06,VIP
146,Kavya Kapoor,kavya.kapoor146@yahoo.com,2023-11-09,REGULAR
147,Vivaan Mehta,vivaan.mehta147@gmail.com,2025-02-20,REGULAR
148,Ananya Kumar,ananya.kumar148@gmail.com,2023-09-03,REGULAR
149,Aditya Gupta,adityaguptagmail.com,2024-04-06,PREMIUM
150,Pooja Kumar,pooja.kumar150@yahoo.com,2024-12-24,REGULAR
151,Neha Verma,neha.verma151@yahoo.com,2025-03-17,PREMIUM
152,Deepak Joshi,deepak.joshi152@gmail.com,2024-03-11,REGULAR
153,Diya Joshi,diya.joshi153@yahoo.com,2025-04-26,REGULAR
154,Vivaan Gupta,vivaan.gupta154@outlook.com,2025-02-05,PREMIUM
155,Kavya Nair,kavya.nair155@outlook.com,2023-11-08,PREMIUM
156,Priya Iyer,priya.iyer156@yahoo.com,2023-03-24,REGULAR
157,Karan Chopra,karan.chopra157@yahoo.com,2023-01-27,REGULAR
158,Deepak Mehta,deepak.mehta158@outlook.com,2025-04-21,REGULAR
159,Vivaan Malhotra,vivaan.malhotra159@yahoo.com,2024-06-15,PREMIUM
160,Priya Gupta,priya.gupta160@yahoo.com,2024-10-12,PREMIUM
161,Aditya Nair,aditya.nair161@yahoo.com,2023-11-25,PREMIUM
162,Ishaan Patel,ishaan.patel162@yahoo.com,2023-10-23,PREMIUM
163,Rohan Kapoor,rohan.kapoor163@gmail.com,2024-04-10,REGULAR
164,Priya Patel,priya.patel164@yahoo.com,2025-06-04,REGULAR
165,Aarav Joshi,aarav.joshi165@yahoo.com,2024-02-28,REGULAR
166,Amit Patel,amit.patel166@yahoo.com,2024-10-02,REGULAR
167,Vivaan Singh,vivaan.singh167@gmail.com,2023-10-22,REGULAR
168,Pooja Verma,pooja.verma168@outlook.com,2024-09-15,PREMIUM
169,Ishaan Kumar,ishaan.kumar169@outlook.com,2024-02-22,REGULAR
170,Sai Nair,sai.nair170@outlook.com,2025-05-02,REGULAR
171,Kavya Iyer,kavya.iyer171@yahoo.com,2025-05-04,REGULAR
172,Pooja Singh,pooja.singh172@gmail.com,2024-01-28,REGULAR
173,Ritu Iyer,ritu.iyer173@gmail.com,2025-06-03,REGULAR
174,Karan Patel,karan.patel174@outlook.com,2023-10-01,PREMIUM
175,Kavya Chopra,kavya.chopra175@outlook.com,2024-08-16,VIP
176,Pooja Kapoor,pooja.kapoor176@outlook.com,2024-05-10,REGULAR
177,Sanjay Malhotra,sanjay.malhotra177@yahoo.com,2023-11-26,PREMIUM
178,Diya Mehta,diya.mehta178@yahoo.com,2023-02-14,REGULAR
179,Pooja Chopra,pooja.chopra179@yahoo.com,2024-01-31,VIP
180,Arjun Nair,arjun.nair180@gmail.com,2024-05-29,VIP
181,Riya Kapoor,riya.kapoor181@yahoo.com,2023-04-13,REGULAR
182,Neha Sharma,neha.sharma182@yahoo.com,2025-06-10,PREMIUM
183,Arjun Verma,arjun.verma183@yahoo.com,2023-12-13,PREMIUM
184,Rohan Joshi,rohan.joshi184@yahoo.com,2025-05-22,PREMIUM
185,Sanjay Reddy,sanjay.reddy185@outlook.com,2025-01-05,PREMIUM
186,Pooja Kapoor,pooja.kapoor186@outlook.com,2023-03-12,REGULAR
187,Kavya Singh,kavya.singh187@yahoo.com,2023-04-11,PREMIUM
188,Sai Nair,sai.nair188@yahoo.com,2023-01-30,REGULAR
189,Vivaan Kumar,vivaan.kumar189@yahoo.com,2023-05-30,REGULAR
190,Karan Mehta,karan.mehta190@gmail.com,2023-06-24,REGULAR
191,Ritu Kapoor,ritu.kapoor191@outlook.com,2023-09-04,REGULAR
192,Deepak Gupta,deepak.gupta192@outlook.com,2023-09-18,REGULAR
193,Aarav Bansal,aarav.bansal193@yahoo.com,2024-11-24,REGULAR
194,Aditya Nair,aditya.nair194@outlook.com,2023-11-03,PREMIUM
195,Karan Chopra,karan.chopra195@yahoo.com,2023-07-23,VIP
196,Pooja Verma,pooja.verma196@outlook.com,2024-01-03,REGULAR
197,Kavya Sharma,kavya.sharma197@outlook.com,2024-02-10,REGULAR
198,Deepak Kapoor,deepak.kapoor198@outlook.com,2023-02-20,VIP
199,Pooja Kapoor,pooja.kapoor199@yahoo.com,2025-03-05,PREMIUM
200,Ritu Malhotra,ritu.malhotra200@outlook.com,2023-07-14,PREMIUM
201,Arjun Joshi,arjun.joshi201@outlook.com,2024-10-23,REGULAR
202,Neha Sharma,neha.sharma202@outlook.com,2023-05-15,REGULAR
203,Kavya Patel,kavya.patel203@gmail.com,2023-07-25,REGULAR
204,Sanjay Bansal,sanjay.bansal204@outlook.com,2024-05-28,VIP
205,Ishaan Kumar,ishaan.kumar205@yahoo.com,2025-04-05,REGULAR
206,Riya Malhotra,riya.malhotra206@gmail.com,2023-05-25,PREMIUM
207,Diya Kapoor,diya.kapoor207@outlook.com,2024-02-11,VIP
208,Sanjay Patel,sanjay.patel208@yahoo.com,2023-01-15,REGULAR
209,Sai Nair,sai.nair209@outlook.com,2024-11-19,REGULAR
210,Rohan Kapoor,rohan.kapoor210@yahoo.com,2023-04-21,PREMIUM
211,Pooja Sharma,pooja.sharma211@outlook.com,2023-12-02,VIP
212,Diya Joshi,diya.joshi212@yahoo.com,2024-12-18,REGULAR
213,Karan Verma,karan.verma213@gmail.com,2023-11-08,VIP
214,Sai Verma,sai.verma214@outlook.com,2023-05-19,REGULAR
215,Meera Joshi,meera.joshi215@outlook.com,2024-07-07,REGULAR
216,Arjun Bansal,arjun.bansal216@gmail.com,2025-05-03,REGULAR
217,Karan Kumar,karan.kumar217@yahoo.com,2023-08-11,REGULAR
218,Diya Kapoor,diya.kapoor218@outlook.com,2024-01-12,REGULAR
219,Meera Sharma,meera.sharma219@gmail.com,2023-05-06,VIP
220,Neha Verma,neha.verma220@outlook.com,2024-10-16,REGULAR
221,Aarav Sharma,aarav.sharma221@gmail.com,2023-05-09,PREMIUM
222,Ananya Verma,ananya.verma222@outlook.com,2023-08-01,REGULAR
223,Diya Patel,diya.patel223@outlook.com,2023-01-03,REGULAR
224,Arjun Gupta,arjun.gupta224@gmail.com,2023-04-23,PREMIUM
225,Aarav Gupta,aarav.gupta@,2025-03-19,PREMIUM
226,Deepak Patel,deepak.patel@,2023-09-29,REGULAR
227,Karan Iyer,karan.iyer227@gmail.com,2024-05-02,REGULAR
228,Meera Iyer,meera.iyer228@yahoo.com,2024-05-30,REGULAR
229,Ritu Sharma,ritu.sharma229@outlook.com,2024-06-17,REGULAR
230,Aarav Sharma,aarav.sharma230@yahoo.com,2024-03-12,PREMIUM
231,Pooja Chopra,pooja.chopra231@gmail.com,2023-03-24,REGULAR
232,Arjun Verma,arjun.verma232@outlook.com,2024-10-10,REGULAR
233,Riya Reddy,riya.reddy233@outlook.com,2023-10-29,REGULAR
234,Ritu Reddy,ritu.reddy234@outlook.com,2023-04-28,PREMIUM
235,Sanjay Chopra,sanjay.chopra235@yahoo.com,2024-04-07,PREMIUM
236,Karan Patel,karan.patel236@yahoo.com,2024-03-01,PREMIUM
237,Riya Reddy,riya.reddy237@yahoo.com,2024-01-19,VIP
238,Pooja Verma,pooja.verma238@gmail.com,2023-04-06,REGULAR
239,Meera Malhotra,meera.malhotra239@gmail.com,2024-08-23,VIP
240,Sanjay Patel,sanjay.patel240@yahoo.com,2023-12-29,PREMIUM
241,Karan Kapoor,karan.kapoor241@gmail.com,2023-10-22,PREMIUM
242,Meera Verma,meera.verma242@gmail.com,2023-06-08,PREMIUM
243,Diya Kapoor,diya.kapoor243@outlook.com,2024-01-12,REGULAR
244,Priya Mehta,priya.mehta244@yahoo.com,2025-05-15,REGULAR
245,Ritu Mehta,ritu.mehta245@outlook.com,2023-01-27,PREMIUM
246,Priya Sharma,priya.sharma246@outlook.com,2025-02-19,REGULAR
247,Riya Patel,riyapatelgmail.com,2025-06-09,REGULAR
248,Rohan Verma,rohan.verma248@outlook.com,2023-02-01,REGULAR
249,Amit Singh,amit.singh249@yahoo.com,2023-12-16,REGULAR
250,Kavya Chopra,kavya.chopra250@outlook.com,2024-09-02,REGULAR
251,Vivaan Gupta,vivaan.gupta251@outlook.com,2023-02-20,PREMIUM
252,Priya Nair,priya.nair252@yahoo.com,2024-09-13,REGULAR
253,Priya Singh,priya.singh253@gmail.com,2023-12-20,REGULAR
254,Kavya Joshi,kavya.joshi254@yahoo.com,2024-06-23,PREMIUM
255,Vivaan Singh,vivaan.singh255@outlook.com,2023-02-26,REGULAR
256,Kavya Singh,kavya.singh256@yahoo.com,2023-10-24,REGULAR
257,Aarav Nair,aarav.nair257@gmail.com,2023-05-13,REGULAR
258,Diya Iyer,diya.iyer258@outlook.com,2025-04-05,REGULAR
259,Rohan Kapoor,rohan.kapoor259@yahoo.com,2023-01-20,REGULAR
260,Aditya Kapoor,aditya.kapoor260@yahoo.com,2024-08-10,REGULAR
261,Karan Kumar,karan.kumar261@gmail.com,2023-11-29,REGULAR
262,Ritu Nair,ritu.nair262@yahoo.com,2023-04-01,REGULAR
263,Sai Singh,sai.singh263@yahoo.com,2024-06-20,REGULAR
264,Kavya Chopra,kavya.chopra264@yahoo.com,2025-03-08,REGULAR
265,Amit Joshi,amit.joshi265@outlook.com,2023-07-18,VIP
266,Meera Patel,meera.patel266@outlook.com,2025-04-14,REGULAR
267,Sai Gupta,sai.gupta267@gmail.com,2024-09-08,REGULAR
268,Aditya Gupta,aditya.gupta268@outlook.com,2024-05-20,REGULAR
269,Deepak Malhotra,deepak.malhotra269@outlook.com,2024-08-01,PREMIUM
270,Ritu Patel,ritu.patel270@outlook.com,2023-11-20,REGULAR
271,Aditya Nair,aditya.nair271@yahoo.com,2025-03-26,REGULAR
272,Vivaan Patel,vivaan.patel272@yahoo.com,2024-04-17,REGULAR
273,Vivaan Patel,vivaan.patel273@gmail.com,2024-10-22,PREMIUM
274,Aditya Mehta,aditya.mehta274@yahoo.com,2024-04-18,REGULAR
275,Vivaan Nair,vivaan.nair275@outlook.com,2024-10-29,REGULAR
276,Ritu Nair,ritu.nair276@gmail.com,2024-04-06,REGULAR
277,Riya Chopra,riya.chopra277@outlook.com,2023-06-26,REGULAR
278,Neha Nair,neha.nair278@outlook.com,2023-06-12,REGULAR
279,Kavya Reddy,kavya.reddy279@yahoo.com,2024-11-26,REGULAR
280,Riya Verma,riya.verma280@outlook.com,2024-11-25,REGULAR
281,Priya Chopra,priya.chopra281@outlook.com,2025-06-13,REGULAR
282,Aditya Mehta,aditya.mehta282@yahoo.com,2023-11-14,VIP
283,Rohan Gupta,rohan.gupta283@gmail.com,2023-11-14,REGULAR
284,Riya Kapoor,riya.kapoor284@outlook.com,2025-04-28,VIP
285,Amit Verma,amit.verma285@yahoo.com,2024-06-04,REGULAR
286,Meera Kumar,meera.kumar286@gmail.com,2023-12-16,VIP
287,Pooja Singh,pooja.singh287@gmail.com,2023-06-08,REGULAR
288,Sai Iyer,sai.iyer288@outlook.com,2024-06-23,REGULAR
289,Riya Bansal,riya.bansal289@gmail.com,2024-09-03,REGULAR
290,Ishaan Gupta,ishaan.gupta290@outlook.com,2025-04-08,VIP
291,Neha Sharma,neha.sharma291@outlook.com,2025-01-06,REGULAR
292,Neha Mehta,neha.mehta292@outlook.com,2025-03-13,REGULAR
293,Sanjay Singh,sanjay.singh293@yahoo.com,2025-05-05,REGULAR
294,Deepak Nair,deepak.nair294@yahoo.com,2025-03-07,REGULAR
295,Amit Reddy,amit.reddy295@gmail.com,2025-03-31,PREMIUM
296,Priya Sharma,priya.sharma296@yahoo.com,2024-07-21,VIP
297,Amit Kapoor,amit.kapoor297@gmail.com,2025-02-20,REGULAR
298,Neha Bansal,neha.bansal298@yahoo.com,2023-04-04,VIP
299,Diya Kapoor,diya.kapoor299@yahoo.com,2023-01-28,REGULAR
300,Rohan Iyer,rohan.iyer300@yahoo.com,2023-03-25,REGULAR
301,Aarav Patel,aarav.patel301@outlook.com,2024-10-27,REGULAR
302,Arjun Gupta,arjun.gupta302@yahoo.com,2024-12-13,PREMIUM
303,Pooja Nair,pooja.nair303@gmail.com,2023-01-20,REGULAR
304,Arjun Iyer,arjun.iyer304@outlook.com,2024-06-24,REGULAR
305,Kavya Singh,kavya.singh305@gmail.com,2023-09-02,REGULAR
306,Ritu Nair,ritu.nair306@yahoo.com,2024-09-03,REGULAR
307,Amit Mehta,amit.mehta307@gmail.com,2023-10-26,REGULAR
308,Ritu Patel,ritu.patel308@yahoo.com,2023-07-11,PREMIUM
309,Aditya Iyer,aditya.iyer309@gmail.com,2024-06-22,REGULAR
310,Amit Iyer,amit.iyer310@yahoo.com,2023-02-14,PREMIUM
311,Meera Kumar,meera.kumar311@yahoo.com,2025-03-18,REGULAR
312,Diya Chopra,diya.chopra312@gmail.com,2025-03-01,REGULAR
313,Riya Gupta,riya.gupta313@outlook.com,2023-12-13,PREMIUM
314,Ishaan Kapoor,ishaan.kapoor314@yahoo.com,2024-12-13,REGULAR
315,Ishaan Malhotra,ishaan.malhotra315@outlook.com,2025-03-05,VIP
316,Vivaan Kumar,vivaan.kumar316@gmail.com,2023-02-12,REGULAR
317,Kavya Iyer,kavya.iyer317@outlook.com,2024-04-29,REGULAR
318,Ananya Kumar,ananya.kumar318@gmail.com,2025-06-05,PREMIUM
319,Priya Verma,priya.verma319@yahoo.com,2024-02-14,PREMIUM
320,Rohan Patel,rohan.patel320@yahoo.com,2024-12-09,REGULAR
321,Amit Kumar,amit.kumar321@outlook.com,2024-03-10,REGULAR
322,Ritu Kapoor,ritu.kapoor322@yahoo.com,2023-11-25,REGULAR
323,Riya Joshi,riya.joshi323@yahoo.com,2024-09-09,PREMIUM
324,Ishaan Chopra,ishaan.chopra324@yahoo.com,2023-02-13,PREMIUM
325,Meera Mehta,meera.mehta325@yahoo.com,2024-10-16,VIP
326,Vivaan Verma,vivaan.verma326@yahoo.com,2024-01-08,REGULAR
327,Ishaan Sharma,ishaan.sharma327@outlook.com,2024-11-25,PREMIUM
328,Vivaan Gupta,vivaan.gupta328@outlook.com,2024-01-11,REGULAR
329,Deepak Sharma,deepak.sharma329@outlook.com,2024-04-05,VIP
330,Meera Nair,meera.nair330@outlook.com,2023-05-21,REGULAR
331,Rohan Patel,rohan.patel331@gmail.com,2023-04-27,REGULAR
332,Ishaan Nair,ishaan.nair332@outlook.com,2023-05-01,REGULAR
333,Priya Chopra,priya.chopra333@outlook.com,2023-10-20,PREMIUM
334,Pooja Singh,pooja.singh334@gmail.com,2024-04-07,REGULAR
335,Neha Verma,neha.verma335@yahoo.com,2024-11-14,REGULAR
336,Aditya Iyer,aditya.iyer336@yahoo.com,2025-05-21,REGULAR
337,Ishaan Malhotra,ishaan.malhotra337@gmail.com,2023-05-05,VIP
338,Arjun Singh,arjun.singh338@gmail.com,2024-01-05,REGULAR
339,Meera Nair,meera.nair339@outlook.com,2023-05-13,PREMIUM
340,Aditya Verma,aditya.verma340@outlook.com,2025-01-06,REGULAR
341,Karan Malhotra,karan.malhotra341@outlook.com,2023-03-17,REGULAR
342,Riya Joshi,riya.joshi342@yahoo.com,2024-11-27,REGULAR
343,Arjun Bansal,arjun.bansal343@outlook.com,2024-10-17,REGULAR
344,Arjun Reddy,arjun.reddy344@gmail.com,2025-05-01,REGULAR
345,Arjun Kumar,arjun.kumar345@yahoo.com,2024-12-27,REGULAR
346,Amit Bansal,amit.bansal346@gmail.com,2023-09-14,REGULAR
347,Sanjay Kumar,sanjay.kumar347@yahoo.com,2024-09-21,REGULAR
348,Amit Joshi,amit.joshi348@outlook.com,2023-06-07,REGULAR
349,Ritu Chopra,ritu.chopra349@yahoo.com,2025-05-12,VIP
350,Vivaan Kapoor,vivaan.kapoor350@gmail.com,2023-02-16,VIP
351,Deepak Kumar,deepak.kumar351@outlook.com,2024-03-02,PREMIUM
352,Aarav Nair,aarav.nair352@outlook.com,2023-10-24,PREMIUM
353,Kavya Nair,kavya.nair353@outlook.com,2024-02-20,REGULAR
354,Aditya Chopra,aditya.chopra354@yahoo.com,2024-03-01,REGULAR
355,Ananya Patel,ananya.patel355@yahoo.com,2025-06-01,PREMIUM
356,Meera Reddy,meera.reddy356@yahoo.com,2024-06-11,REGULAR
357,Riya Singh,riya.singh357@yahoo.com,2024-04-05,REGULAR
358,Sai Sharma,sai.sharma358@yahoo.com,2025-06-03,PREMIUM
359,Diya Kapoor,diya.kapoor359@yahoo.com,2024-08-14,PREMIUM
360,Ananya Malhotra,ananya.malhotra360@outlook.com,2024-04-23,REGULAR
361,Kavya Nair,kavya.nair361@yahoo.com,2024-06-01,REGULAR
362,Diya Singh,diya.singh362@gmail.com,2023-02-21,REGULAR
363,Ritu Bansal,ritu.bansal363@outlook.com,2024-04-26,REGULAR
364,Aarav Kapoor,aarav.kapoor364@gmail.com,2023-09-28,PREMIUM
365,Rohan Patel,rohan.patel365@gmail.com,2024-08-06,REGULAR
366,Meera Iyer,meera.iyer366@yahoo.com,2024-05-31,REGULAR
367,Sanjay Kumar,sanjay.kumar367@outlook.com,2024-11-27,PREMIUM
368,Arjun Verma,arjun.verma368@yahoo.com,2024-07-25,VIP
369,Arjun Singh,arjun.singh369@yahoo.com,2024-05-27,REGULAR
370,Vivaan Gupta,vivaan.gupta370@yahoo.com,2024-06-15,REGULAR
371,Ritu Bansal,ritu.bansal371@yahoo.com,2024-09-19,REGULAR
372,Rohan Mehta,rohan.mehta372@yahoo.com,2024-08-30,REGULAR
373,Amit Iyer,amit.iyer373@outlook.com,2023-11-03,REGULAR
374,Aarav Patel,aarav.patel374@gmail.com,2024-03-02,REGULAR
375,Aarav Mehta,aarav.mehta375@outlook.com,2025-03-12,VIP
376,Deepak Mehta,deepak.mehta376@gmail.com,2024-08-20,REGULAR
377,Amit Joshi,amit.joshi377@yahoo.com,2023-06-01,PREMIUM
378,Diya Sharma,diya.sharma378@outlook.com,2023-04-23,REGULAR
379,Neha Patel,neha.patel379@yahoo.com,2024-12-08,REGULAR
380,Amit Malhotra,amit.malhotra380@yahoo.com,2025-06-12,PREMIUM
381,Vivaan Chopra,vivaan.chopra381@gmail.com,2024-07-28,REGULAR
382,Pooja Iyer,pooja.iyer382@gmail.com,2024-04-15,VIP
383,Riya Iyer,riya.iyer383@outlook.com,2024-11-28,PREMIUM
384,Priya Mehta,priya.mehta384@gmail.com,2023-10-13,REGULAR
385,Diya Kumar,diya.kumar385@outlook.com,2023-08-01,PREMIUM
386,Pooja Patel,pooja.patel386@outlook.com,2025-03-25,PREMIUM
387,Kavya Verma,kavya.verma387@outlook.com,2024-01-24,PREMIUM
388,Rohan Kapoor,rohan.kapoor388@gmail.com,2023-10-25,REGULAR
389,Aditya Patel,aditya.patel389@outlook.com,2023-09-20,PREMIUM
390,Ananya Singh,ananya.singh390@yahoo.com,2024-07-29,PREMIUM
391,Arjun Verma,arjun.verma391@outlook.com,2023-09-03,REGULAR
392,Amit Singh,amit.singh392@gmail.com,2023-04-13,REGULAR
393,Pooja Verma,pooja.verma393@gmail.com,2023-01-06,VIP
394,Ishaan Reddy,ishaan.reddy394@yahoo.com,2024-05-03,PREMIUM
395,Kavya Patel,kavya.patel395@gmail.com,2025-02-26,REGULAR
396,Deepak Singh,deepak.singh396@outlook.com,2025-05-20,VIP
397,Ishaan Reddy,ishaan.reddy397@gmail.com,2023-02-07,VIP
398,Rohan Malhotra,rohan.malhotra398@outlook.com,2025-06-12,VIP
399,Vivaan Sharma,vivaan.sharma399@outlook.com,2023-04-20,VIP
400,Riya Kumar,riya.kumar400@outlook.com,2024-07-10,REGULAR
401,Arjun Kapoor,arjun.kapoor401@yahoo.com,2023-07-17,PREMIUM
402,Riya Gupta,riya.gupta402@outlook.com,2023-09-21,PREMIUM
403,Aarav Chopra,aarav.chopra403@yahoo.com,2024-08-04,PREMIUM
404,Ananya Gupta,ananya.gupta404@outlook.com,2024-02-20,PREMIUM
405,Amit Patel,amit.patel405@outlook.com,2023-04-08,REGULAR
406,Arjun Nair,arjun.nair406@gmail.com,2023-01-07,REGULAR
407,Diya Nair,diya.nair407@yahoo.com,2023-11-06,REGULAR
408,Deepak Sharma,deepak.sharma408@yahoo.com,2024-12-10,REGULAR
409,Sai Nair,sai.nair409@yahoo.com,2024-12-03,REGULAR
410,Kavya Chopra,kavya.chopra410@yahoo.com,2024-01-12,PREMIUM
411,Diya Gupta,diya.gupta411@yahoo.com,2025-02-04,VIP
412,Meera Reddy,meera.reddy412@yahoo.com,2025-02-14,REGULAR
413,Ananya Malhotra,ananya.malhotra413@outlook.com,2025-06-13,PREMIUM
414,Amit Nair,amit.nair414@yahoo.com,2023-03-21,VIP
415,Sai Sharma,sai.sharma415@outlook.com,2023-07-27,REGULAR
416,Arjun Gupta,arjun.gupta416@outlook.com,2024-03-28,REGULAR
417,Ananya Chopra,ananya.chopra417@gmail.com,2024-06-06,REGULAR
418,Vivaan Nair,vivaan.nair418@yahoo.com,2024-04-12,REGULAR
419,Sanjay Nair,sanjay.nair419@yahoo.com,2025-01-10,REGULAR
420,Priya Kapoor,priyakapoorgmail.com,2023-08-12,REGULAR
421,Vivaan Reddy,vivaan.reddy421@gmail.com,2024-07-08,VIP
422,Aditya Bansal,aditya.bansal422@yahoo.com,2024-02-23,REGULAR
423,Arjun Malhotra,arjun.malhotra423@outlook.com,2024-10-23,VIP
424,Meera Bansal,meera.bansal424@yahoo.com,2024-01-20,REGULAR
425,Sanjay Gupta,sanjay.gupta425@yahoo.com,2023-05-02,REGULAR
426,Sanjay Reddy,sanjay.reddy426@outlook.com,2023-08-17,PREMIUM
427,Aarav Kumar,aarav.kumar427@outlook.com,2024-07-11,REGULAR
428,Rohan Kapoor,rohan.kapoor428@yahoo.com,2023-12-21,REGULAR
429,Ananya Bansal,ananya.bansal429@gmail.com,2023-02-02,PREMIUM
430,Karan Mehta,karan.mehta430@gmail.com,2023-09-04,REGULAR
431,Sai Mehta,sai.mehta431@outlook.com,2024-11-19,PREMIUM
432,Vivaan Singh,vivaan.singh432@yahoo.com,2024-03-25,REGULAR
433,Ananya Malhotra,ananya.malhotra433@gmail.com,2023-05-24,REGULAR
434,Kavya Singh,kavya.singh434@outlook.com,2024-08-12,REGULAR
435,Ritu Malhotra,ritu.malhotra435@yahoo.com,2023-08-31,REGULAR
436,Arjun Joshi,arjun.joshi436@yahoo.com,2023-11-04,REGULAR
437,Sanjay Mehta,sanjay.mehta437@gmail.com,2024-10-03,PREMIUM
438,Sanjay Nair,sanjay.nair438@yahoo.com,2024-10-20,PREMIUM
439,Amit Patel,amit.patel439@yahoo.com,2023-06-02,REGULAR
440,Ishaan Malhotra,ishaan.malhotra440@gmail.com,2025-05-19,REGULAR
441,Arjun Malhotra,arjun.malhotra441@gmail.com,2024-07-29,REGULAR
442,Karan Iyer,karan.iyer442@yahoo.com,2023-09-06,REGULAR
443,Riya Joshi,riya.joshi443@yahoo.com,2025-05-17,REGULAR
444,Sanjay Chopra,sanjay.chopra444@gmail.com,2023-10-02,REGULAR
445,Ritu Mehta,ritu.mehta445@gmail.com,2023-07-12,PREMIUM
446,Deepak Chopra,deepak.chopra446@gmail.com,2024-05-05,REGULAR
447,Riya Kumar,riya.kumar447@gmail.com,2023-08-05,VIP
448,Sai Chopra,sai.chopra448@yahoo.com,2023-09-06,PREMIUM
449,Ananya Reddy,ananya.reddy449@outlook.com,2023-11-26,PREMIUM
450,Rohan Nair,rohan.nair450@yahoo.com,2023-11-12,REGULAR
451,Amit Bansal,amit.bansal451@gmail.com,2025-04-02,VIP
452,Pooja Malhotra,pooja.malhotra452@gmail.com,2024-01-15,REGULAR
453,Vivaan Mehta,vivaan.mehta453@outlook.com,2023-05-30,REGULAR
454,Sanjay Bansal,sanjay.bansal454@outlook.com,2024-03-03,REGULAR
455,Ananya Patel,ananya.patel455@outlook.com,2025-05-03,REGULAR
456,Sanjay Joshi,sanjay.joshi456@yahoo.com,2023-09-21,PREMIUM
457,Pooja Chopra,pooja.chopra457@yahoo.com,2024-04-16,REGULAR
458,Meera Gupta,meera.gupta458@outlook.com,2024-05-15,REGULAR
459,Sanjay Joshi,sanjay.joshi459@outlook.com,2023-02-04,PREMIUM
460,Aditya Kapoor,aditya.kapoor460@gmail.com,2024-02-27,REGULAR
461,Diya Verma,diya.verma461@gmail.com,2023-08-12,REGULAR
462,Meera Sharma,meera.sharma462@outlook.com,2024-09-23,VIP
463,Pooja Sharma,poojasharmagmail.com,2024-07-18,REGULAR
464,Aarav Iyer,aarav.iyer464@outlook.com,2023-10-21,REGULAR
465,Karan Malhotra,karan.malhotra465@gmail.com,2023-04-20,VIP
466,Amit Gupta,amit.gupta466@outlook.com,2024-06-23,REGULAR
467,Meera Kumar,meera.kumar467@gmail.com,2024-01-18,VIP
468,Neha Mehta,neha.mehta468@outlook.com,2023-08-20,REGULAR
469,Aditya Joshi,aditya.joshi469@outlook.com,2025-02-16,REGULAR
470,Rohan Reddy,rohan.reddy470@yahoo.com,2023-02-27,PREMIUM
471,Ishaan Verma,ishaan.verma471@yahoo.com,2024-10-22,PREMIUM
472,Deepak Kapoor,deepak.kapoor472@outlook.com,2023-02-13,REGULAR
473,Deepak Nair,deepak.nair473@gmail.com,2024-12-01,VIP
474,Sanjay Mehta,sanjay.mehta474@gmail.com,2025-05-20,REGULAR
475,Ananya Mehta,ananya.mehta475@outlook.com,2025-04-20,REGULAR
476,Aditya Kumar,aditya.kumar476@gmail.com,2024-08-03,PREMIUM
477,Rohan Joshi,rohan.joshi477@yahoo.com,2024-01-29,PREMIUM
478,Arjun Malhotra,arjun.malhotra478@outlook.com,2023-03-22,REGULAR
479,Meera Sharma,meera.sharma479@gmail.com,2025-05-08,REGULAR
480,Ritu Malhotra,ritu.malhotra480@outlook.com,2024-02-11,VIP
481,Riya Sharma,riya.sharma481@yahoo.com,2024-05-17,REGULAR
482,Sanjay Reddy,sanjay.reddy482@outlook.com,2024-08-22,PREMIUM
483,Aditya Malhotra,aditya.malhotra483@gmail.com,2024-12-31,REGULAR
484,Priya Gupta,priya.gupta484@outlook.com,2023-06-07,PREMIUM
485,Riya Patel,riya.patel485@gmail.com,2023-11-12,REGULAR
486,Priya Verma,priya.verma486@gmail.com,2024-03-17,REGULAR
487,Sanjay Iyer,sanjay.iyer487@gmail.com,2023-04-02,REGULAR
488,Aditya Mehta,aditya.mehta488@yahoo.com,2025-06-03,REGULAR
489,Kavya Reddy,kavya.reddy489@gmail.com,2025-01-12,VIP
490,Diya Mehta,diya.mehta490@outlook.com,2024-01-25,REGULAR
491,Priya Kumar,priya.kumar491@gmail.com,2023-03-06,REGULAR
492,Priya Reddy,priya.reddy492@gmail.com,2024-01-05,REGULAR
493,Diya Chopra,diya.chopra493@outlook.com,2024-09-23,REGULAR
494,Sai Gupta,sai.gupta494@yahoo.com,2023-12-07,PREMIUM
495,Rohan Malhotra,rohan.malhotra495@yahoo.com,2023-12-09,REGULAR
496,Ritu Gupta,ritu.gupta496@outlook.com,2024-12-12,REGULAR
497,Riya Gupta,riya.gupta497@yahoo.com,2023-10-26,PREMIUM
498,Pooja Mehta,pooja.mehta498@yahoo.com,2024-01-21,REGULAR
499,Rohan Patel,rohan.patel499@outlook.com,2023-07-24,REGULAR
500,Sanjay Gupta,sanjay.gupta500@outlook.com,2023-01-28,VIP
501,Neha Chopra,neha.chopra501@yahoo.com,2025-05-01,PREMIUM
502,Karan Joshi,karan.joshi502@outlook.com,2023-11-07,REGULAR
503,Arjun Chopra,arjun.chopra503@yahoo.com,2023-03-17,REGULAR
504,Ritu Nair,ritu.nair504@outlook.com,2024-06-02,VIP
505,Karan Iyer,karan.iyer505@yahoo.com,2024-12-19,PREMIUM
506,Sanjay Mehta,sanjay.mehta506@gmail.com,2023-04-22,PREMIUM
507,Meera Gupta,meera.gupta507@gmail.com,2024-07-30,VIP
508,Rohan Malhotra,rohan.malhotra508@yahoo.com,2023-04-19,REGULAR
509,Priya Singh,priya.singh509@outlook.com,2024-07-25,REGULAR
510,Deepak Singh,deepak.singh510@yahoo.com,2024-04-19,PREMIUM
511,Deepak Chopra,deepak.chopra511@yahoo.com,2023-01-26,REGULAR
512,Kavya Reddy,kavya.reddy512@gmail.com,2023-04-29,PREMIUM
513,Arjun Patel,arjun.patel513@yahoo.com,2025-03-14,REGULAR
514,Pooja Patel,pooja.patel514@yahoo.com,2025-01-09,PREMIUM
515,Riya Verma,riya.verma515@outlook.com,2023-04-28,REGULAR
516,Riya Joshi,riya.joshi516@gmail.com,2025-01-28,REGULAR
517,Ishaan Iyer,ishaan.iyer517@outlook.com,2024-03-12,VIP
518,Diya Malhotra,diya.malhotra518@gmail.com,2023-07-10,PREMIUM
519,Karan Reddy,karan.reddy519@outlook.com,2023-07-22,REGULAR
520,Karan Reddy,karanreddygmail.com,2023-08-08,REGULAR
521,Aditya Mehta,aditya.mehta521@outlook.com,2023-07-11,REGULAR
522,Ananya Nair,ananya.nair522@outlook.com,2025-06-02,REGULAR
523,Riya Mehta,riya.mehta523@yahoo.com,2024-08-24,REGULAR
524,Meera Kapoor,meera.kapoor524@gmail.com,2025-04-13,PREMIUM
525,Kavya Bansal,kavya.bansal525@gmail.com,2024-11-19,REGULAR
526,Sai Singh,sai.singh526@gmail.com,2024-01-18,PREMIUM
527,Amit Reddy,amit.reddy527@gmail.com,2024-08-11,REGULAR
528,Ishaan Nair,ishaan.nair528@outlook.com,2024-10-22,VIP
529,Ishaan Iyer,ishaan.iyer529@yahoo.com,2023-05-24,REGULAR
530,Neha Mehta,neha.mehta530@yahoo.com,2023-01-10,REGULAR
531,Ananya Kapoor,ananya.kapoor531@outlook.com,2024-06-01,PREMIUM
532,Karan Joshi,karan.joshi532@outlook.com,2025-05-10,REGULAR
533,Ishaan Verma,ishaan.verma533@gmail.com,2023-10-27,REGULAR
534,Diya Iyer,diya.iyer534@yahoo.com,2024-08-02,PREMIUM
535,Pooja Iyer,pooja.iyer535@outlook.com,2023-04-27,REGULAR
536,Sanjay Kapoor,sanjay.kapoor536@outlook.com,2025-04-22,PREMIUM
537,Neha Iyer,neha.iyer537@yahoo.com,2023-04-15,PREMIUM
538,Diya Kumar,diya.kumar538@gmail.com,2024-04-05,REGULAR
539,Aditya Nair,aditya.nair539@gmail.com,2025-03-05,PREMIUM
540,Ananya Malhotra,ananya.malhotra540@outlook.com,2023-12-26,PREMIUM
541,Ritu Joshi,ritu.joshi541@outlook.com,2023-05-23,PREMIUM
542,Ananya Malhotra,ananya.malhotra542@yahoo.com,2024-06-29,REGULAR
543,Sanjay Gupta,sanjay.gupta543@outlook.com,2023-10-27,REGULAR
544,Priya Kapoor,priya.kapoor544@outlook.com,2025-04-14,REGULAR
545,Karan Bansal,karan.bansal545@yahoo.com,2025-06-06,PREMIUM
546,Arjun Singh,arjun.singh546@yahoo.com,2025-04-28,REGULAR
547,Rohan Nair,rohan.nair547@outlook.com,2023-10-03,PREMIUM
548,Rohan Nair,rohan.nair548@gmail.com,2024-02-17,REGULAR
549,Priya Chopra,priya.chopra549@yahoo.com,2024-04-10,VIP
550,Riya Mehta,riyamehtagmail.com,2025-03-03,PREMIUM
